Fela	O	O	O
Aníkúlápó	PER	O	O
Kuti	PER	O	O
(dem	O	O	O
bon	O	O	O
am	O	O	O
for	O	O	O
Octorber	DATE	O	O
15	DATE	O	O
,	DATE	O	O
1938	DATE	O	O
an	O	O	O
e	O	O	O
kpai	O	O	O
August	DATE	O	O
2	DATE	O	O
,	DATE	O	O
1997)	DATE	O	O
na	O	O	O
Naija	LOC	O	O
muzishian	O	O	O
,	O	O	O
komposa	O	O	O
and	O	O	O
aktivist	O	O	O
.	O	O	O
ril	O	O	O
nem	O	O	O
Olufela	PER	O	O
Olusegun	PER	O	O
Oludotun	PER	O	O
Ramsome-Kuti	PER	O	O
pipul	O	O	O
no	O	O	O
wel	O	O	O
as	O	O	O
Abami	PER	O	O
Eda	PER	O	O
.	PER	O	O
Fela	PER	O	O
dey	O	O	O
amog	O	O	O
di	O	O	O
fest	O	O	O
muzishian	O	O	O
wey	O	O	O
stat	O	O	O
Afrobeat	O	O	O
.	O	O	O
Afrobeat	O	O	O
one	O	O	O
mettod	O	O	O
of	O	O	O
Muzik	O	O	O
join	O	O	O
Afrika	LOC	O	O
muzik	O	O	O
Amerika	O	O	O
funk	O	O	O
jazz	O	O	O
.	O	O	O
Pipul	O	O	O
sabi	O	O	O
yuz	O	O	O
tins	O	O	O
happun	O	O	O
politiks	O	O	O
sing	O	O	O
muzik	O	O	O
.	O	O	O

Fela	PER	O	O
na	O	O	O
son	O	O	O
to	O	O	O
one	O	O	O
Naija	LOC	O	O
wuman	O	O	O
wey	O	O	O
dey	O	O	O
fight	O	O	O
for	O	O	O
human	O	O	O
right	O	O	O
e	O	O	O
nem	O	O	O
Funmilayo	PER	O	O
Ransome-Kuti	PER	O	O
.	PER	O	O
Afta	O	O	O
eli	O	O	O
espiriens	O	O	O
obodo	O	O	O
Oyinbo	O	O	O
,	O	O	O
an	O	O	O
band	O	O	O
Africa	O	O	O
70	O	O	O
kolabo	O	O	O
wit	O	O	O
drum	O	O	O
pesin	O	O	O
and	O	O	O
muzikal	O	O	O
dareto	O	O	O
Tony	PER	O	O
Allen	PER	O	O
,	PER	O	O
kom	O	O	O
popula	O	O	O
wel	O	O	O
1970s	DATE	O	O
,	DATE	O	O
dat	O	O	O
time	O	O	O
sojas	O	O	O
sey	O	O	O
im	O	O	O
bi	O	O	O
against	O	O	O
dem	O	O	O
target	O	O	O
dia	O	O	O
mitin	O	O	O
.	O	O	O
For	O	O	O
1970	DATE	O	O
,	DATE	O	O
E	O	O	O
fom	O	O	O
di	O	O	O
Kalakuta	O	O	O
Republic	O	O	O
Commune	O	O	O
,	O	O	O
sho	O	O	O
no	O	O	O
onda	O	O	O
militri	O	O	O
rul	O	O	O
.	O	O	O
Dem	O	O	O
skata	O	O	O
Commune	O	O	O
raid	O	O	O
du	O	O	O
1978	DATE	O	O
.	DATE	O	O
Dey	O	O	O
put	O	O	O
prisin	O	O	O
Govament	O	O	O
of	O	O	O
Muhammadu	PER	O	O
Bihari	PER	O	O
1984	DATE	O	O
,	DATE	O	O
bot	O	O	O
free	O	O	O
am	O	O	O
afta	O	O	O
yuz	O	O	O
20	DATE	O	O
month	DATE	O	O
prisin	O	O	O
.	O	O	O
Kontiniu	O	O	O
rekod	O	O	O
pafom	O	O	O
difren	O	O	O
1980s	DATE	O	O
1990s	DATE	O	O
.	DATE	O	O
Sins	O	O	O
wen	O	O	O
don	O	O	O
dai	O	O	O
1997	DATE	O	O
,	DATE	O	O
pikin	O	O	O
Femi	PER	O	O
Kuti	PER	O	O
muzik	O	O	O
style	O	O	O
.	O	O	O

Wetin	O	O	O
dey	O	O	O
hie	O	O	O

Na	DATE	O	O
for	O	O	O
October	DATE	O	O
15	DATE	O	O
,	DATE	O	O
1938	DATE	O	O
dem	O	O	O
bon	O	O	O
Olufela	PER	O	O
Olusegun	PER	O	O
Oladotun	PER	O	O
Ramsome-Kuti	PER	O	O
to	LOC	O	O
di	O	O	O
Ransome-Kuti	PER	O	O
famili	PER	O	O
.	PER	O	O
Ransome	PER	O	O
Kuti	PER	O	O
famili	O	O	O
get	O	O	O
moni	O	O	O
an	PER	O	O
na	O	O	O
Abeokuta	LOC	O	O
Ogun	LOC	O	O
Stet	LOC	O	O
in	O	O	O
Naija	ORG	O	O
dey	O	O	O
stey	PER	O	O
.	PER	O	O
Fela	PER	O	O
mama	O	O	O
Funmilayo	PER	O	O
Fela	O	O	O
no	O	O	O
sopot	O	O	O
Oyinbo	O	O	O
rul	O	O	O
ova	O	O	O
dat	O	O	O
time	PER	O	O
.	PER	O	O
Fela	PER	O	O
papa	O	O	O
Reverend	O	O	O
Israel	PER	O	O
Ransom-Kuti	PER	O	O
wey	LOC	O	O
bi	O	O	O
prinsipa	O	O	O
Anglican	O	O	O
minister	O	O	O
skul	O	O	O
fest	O	O	O
presido	O	O	O
Union	ORG	O	O
of	O	O	O
Tishas	ORG	O	O
.	ORG	O	O
E	O	O	O
brodas	O	O	O
medikal	O	O	O
doktor	O	O	O
dia	O	O	O
nem	O	O	O
Beko	PER	O	O
Olikoye	PER	O	O
Ransome-Kuti	PER	O	O
.	PER	O	O
kozin	O	O	O
Wole	PER	O	O
Soyinka	PER	O	O
Noble	O	O	O
laureate	O	O	O
blak	O	O	O
raita	O	O	O
kolet	O	O	O
Nobel	O	O	O
Prize	O	O	O
Literature	O	O	O
awod	O	O	O
.	O	O	O
go	O	O	O
Grammar	O	O	O
School	O	O	O
.	O	O	O
For	O	O	O
1958	DATE	O	O
,	DATE	O	O
send	O	O	O
am	O	O	O
London	LOC	O	O
mek	O	O	O
e	O	O	O
rid	O	O	O
medisine	O	O	O
bot	O	O	O
Muzik	O	O	O
chuz	O	O	O
Trinity	O	O	O
College	O	O	O
Music	O	O	O
.	O	O	O
like	O	O	O
yuz	O	O	O
trumpet	O	O	O
pass	O	O	O
eni	O	O	O
oda	O	O	O
instrument	O	O	O
.	O	O	O
Wen	O	O	O
neva	O	O	O
dai	O	O	O
,	O	O	O
fom	O	O	O
band	O	O	O
koola	ORG	O	O
Lobitos	ORG	O	O
play	O	O	O
jazz	O	O	O
and	LOC	O	O
highlife	O	O	O
togeda	O	O	O
.	O	O	O
1960	DATE	O	O
,	DATE	O	O
mari	O	O	O
wife	O	O	O
,	O	O	O
Remilekun	PER	O	O
(Remi)	PER	O	O
Taylor	PER	O	O
three	O	O	O
pikin	O	O	O
(	O	O	O
Femi	PER	O	O
,	PER	O	O
Yeni	PER	O	O
Sola)	PER	O	O
.	PER	O	O
1963	DATE	O	O
,	DATE	O	O
kom	O	O	O
bak	O	O	O
"newly	O	O	O
independent	O	O	O
Federation	O	O	O
Nigeria"	LOC	O	O
again	ORG	O	O
,	ORG	O	O
risiv	O	O	O
trenin	O	O	O
Radio	O	O	O
Produsa	O	O	O
"Nigerian	ORG	O	O
Broadcasting	ORG	O	O
Corporation"	ORG	O	O
.	ORG	O	O
folo	O	O	O
Victor	PER	O	O
Olaiya	PER	O	O
pafom	PER	O	O
som	O	O	O
time	O	O	O
wit	O	O	O
all	O	O	O
stars	O	O	O
.	O	O	O
1967	DATE	O	O
,	DATE	O	O
trafu	PER	O	O
Ghana	LOC	O	O
luk	O	O	O
a	O	O	O
niu	O	O	O
muzik	O	O	O
dareto	O	O	O
,	O	O	O
Even	O	O	O
kol	O	O	O
im	O	O	O
musik	O	O	O
style	O	O	O
Afrobeat	O	O	O
combinashon	O	O	O
highlife	O	O	O
,	O	O	O
funk	O	O	O
,	O	O	O
jazz	O	O	O
,	O	O	O
salsa	O	O	O
,	O	O	O
calypso	O	O	O
,	O	O	O
tradishonal	O	O	O
Yoruba	O	O	O
muzik	O	O	O
.	O	O	O
1969	DATE	O	O
,	DATE	O	O
kari	PER	O	O
enta	O	O	O
United	LOC	O	O
States	LOC	O	O
Los	O	O	O
Angeles	O	O	O
ten	O	O	O
month	DATE	O	O
.	DATE	O	O
tek	O	O	O
see	O	O	O
Black	ORG	O	O
Power	ORG	O	O
movement	ORG	O	O
by	ORG	O	O
Sandra	PER	O	O
Smith	PER	O	O
now	PER	O	O
sabi	O	O	O
as	PER	O	O
(Sandra	PER	O	O
'Izsadore	PER	O	O
abi	PER	O	O
Akanke	PER	O	O
Isidore)	PER	O	O
,	PER	O	O
strong	O	O	O
soporta	O	O	O
Panther	ORG	O	O
Party	ORG	O	O
.	ORG	O	O
Dis	ORG	O	O
espiriens	O	O	O
afekt	O	O	O
how	O	O	O
politiks	O	O	O
.	O	O	O
leta	O	O	O
Nigeria	O	O	O
70	O	O	O
.	O	O	O
tey	O	O	O
one	O	O	O
promota	O	O	O
giv	O	O	O
Immigration	ORG	O	O
Naturalization	ORG	O	O
Service	ORG	O	O
informashon	ORG	O	O
say	ORG	O	O
US	O	O	O
wok	O	O	O
pamits	O	O	O
.	O	O	O
Di	O	O	O
du	O	O	O
kwik	O	O	O
rekod	O	O	O
seshon	O	O	O
rilis	O	O	O
The	O	O	O
69	O	O	O
Sessions	O	O	O
.	O	O	O

Afta	O	O	O
Fela	O	O	O
an	O	O	O
e	PER	O	O
band	O	O	O
kom	O	O	O
reton	O	O	O
to	O	O	O
Naijá	LOC	O	O
,	LOC	O	O
dey	O	O	O
nem	O	O	O
di	O	O	O
grup	O	O	O
The	O	O	O
Africa	O	O	O
70	O	O	O
na	LOC	O	O
dat	PER	O	O
taim	PER	O	O
muzik	O	O	O
style	O	O	O
chenj	O	O	O
fom	O	O	O
love	O	O	O
wetin	O	O	O
happun	O	O	O
for	O	O	O
Naijá	O	O	O
.	O	O	O
E	O	O	O
Kalakuta	O	O	O
Republic	O	O	O
wey	O	O	O
bi	O	O	O
of	O	O	O
pipul	O	O	O
de	O	O	O
share	O	O	O
sem	O	O	O
bilif	O	O	O
and	PER	O	O
responsibilitis	O	O	O
,	O	O	O
rekoding	O	O	O
studio	O	O	O
,	O	O	O
home	O	O	O
meni	O	O	O
get	O	O	O
koneshon	O	O	O
band	O	O	O
.	O	O	O
tok	O	O	O
sey	O	O	O
Replublic	O	O	O
no	PER	O	O
pat	O	O	O
Naijá	LOC	O	O
Govament	ORG	O	O
.	ORG	O	O
pafom	O	O	O
own	O	O	O
Nightklub	O	O	O
leta	O	O	O
Shrine	O	O	O
.	O	O	O
giv	O	O	O
praise	O	O	O
Gran	O	O	O
papa	O	O	O
dem	O	O	O
don	O	O	O
dai	O	O	O
.	O	O	O
Anikulapo	PER	O	O
minin	O	O	O
(pesin	O	O	O
we	O	O	O
death	O	O	O
im	O	O	O
poket)	O	O	O
,	O	O	O
intapritashon	O	O	O
(Na	O	O	O
me	O	O	O
go	O	O	O
chuz	PER	O	O
wen	O	O	O
I	O	O	O
dai)	O	O	O
.	O	O	O
refuse	PER	O	O
yuz	O	O	O
Ramsom	PER	O	O
bikos	O	O	O
slave	O	O	O
nem	O	O	O
.	O	O	O
Pipul	O	O	O
Afrika	LOC	O	O
wel	O	O	O
sing	O	O	O
pidgin	O	O	O
wan	O	O	O
mek	O	O	O
skul	O	O	O
fit	O	O	O
onda	O	O	O
standn	O	O	O
tu	O	O	O
.	O	O	O
Bikos	O	O	O
laik	O	O	O
Govament	O	O	O
enihow	O	O	O
,	O	O	O
at	O	O	O
all	O	O	O
kol	O	O	O
arrest	O	O	O
am	O	O	O
Kalakute	O	O	O
Republic	O	O	O
.	O	O	O
For	O	O	O
1972	DATE	O	O
,	DATE	O	O
one	O	O	O
rekod	O	O	O
wit	O	O	O
Ginger	PER	O	O
Baker	PER	O	O
Bobby	PER	O	O
Tench	PER	O	O
.	PER	O	O
Na	PER	O	O
taim	O	O	O
,	O	O	O
albom	O	O	O
Zombie	O	O	O
enihow	O	O	O
sojas	O	O	O
way	O	O	O
du	O	O	O
.	O	O	O
Di	O	O	O
vex	O	O	O
so	O	O	O
tey	O	O	O
1	O	O	O
,	O	O	O
000	O	O	O
beat	O	O	O
smol	O	O	O
kari	O	O	O
mama	O	O	O
troway	O	O	O
upstair	O	O	O
window	O	O	O
old	O	O	O
rili	O	O	O
injor	O	O	O
.	O	O	O
Di	O	O	O
put	O	O	O
faya	O	O	O
ples	O	O	O
inkludin	O	O	O
instrument	O	O	O
masta	O	O	O
tape	O	O	O
.	O	O	O
day	O	O	O
dai	O	O	O
if	O	O	O
ofisa	O	O	O
jost	O	O	O
liv	O	O	O
am	O	O	O
.	O	O	O
Fela	O	O	O
du	PER	O	O
enitin	O	O	O
dan	O	O	O
kofin	O	O	O
Dondan	O	O	O
Barracks	O	O	O
Legos	O	O	O
,	O	O	O
dia	O	O	O
General	PER	O	O
Olusegun	PER	O	O
Obasanjo	PER	O	O
stay	O	O	O
time	O	O	O
.	O	O	O
Fela	O	O	O
rait	O	O	O
songs	O	O	O
Coffin	O	O	O
Head	O	O	O
State	O	O	O
Unknown	O	O	O
Soildier	O	O	O
.	O	O	O
taitu	O	O	O
Soldier	O	O	O
refar	O	O	O
unknown	O	O	O
skata	O	O	O
commune	O	O	O
.	O	O	O
Crossroads	O	O	O
Hotel	O	O	O
afta	O	O	O
shrine	O	O	O
Commune	O	O	O
.	O	O	O

For	O	O	O
1978	DATE	O	O
,	DATE	O	O
e	O	O	O
marri	O	O	O
27	O	O	O
wumen:	O	O	O

Meni	O	O	O
of	ORG	O	O
dem	O	O	O
na	O	O	O
dansa	O	O	O
,	O	O	O
komposa	O	O	O
and	O	O	O
singa	O	O	O
wey	O	O	O
e	O	O	O
dey	O	O	O
wok	O	O	O
wit	O	O	O
.	O	O	O
Di	O	O	O
marej	O	O	O
no	O	O	O
onli	O	O	O
mark	O	O	O
di	O	O	O
anivasri	O	O	O
for	O	O	O
attack	O	O	O
Kalakuta	O	O	O
Republic	O	O	O
but	O	O	O
to	O	O	O
protet	O	O	O
Kuti	PER	O	O
an	O	O	O
waif	O	O	O
fom	O	O	O
lie	O	O	O
otoriti	O	O	O
klem	O	O	O
sey	O	O	O
Fela	PER	O	O
kidnap	O	O	O
wumen	O	O	O
.	O	O	O
Leta	O	O	O
,	O	O	O
adopt	O	O	O
one	O	O	O
roteshona	O	O	O
sistem	O	O	O
mentenin	O	O	O
12	O	O	O
wife	O	O	O
sem	O	O	O
taim	O	O	O
.	O	O	O
du	O	O	O
sho	O	O	O
Akra	O	O	O
wahala	O	O	O
happun	O	O	O
wen	O	O	O
stat	O	O	O
sing	O	O	O
Zombie	O	O	O
.	O	O	O
Na	O	O	O
risin	O	O	O
gre	O	O	O
mek	O	O	O
kom	O	O	O
Ghana	LOC	O	O
again	O	O	O
bi	O	O	O
dat	O	O	O
.	O	O	O
Di	O	O	O
sekond	O	O	O
afta	O	O	O
Berlin	O	O	O
Jazz	O	O	O
Festival	O	O	O
most	O	O	O
musishians	O	O	O
wit	O	O	O
lif	O	O	O
am	O	O	O
bikos	O	O	O
pipul	O	O	O
tok	O	O	O
wan	O	O	O
yuz	O	O	O
all	O	O	O
moni	O	O	O
tey	O	O	O
kampay	O	O	O
Presido	O	O	O
Naijá	LOC	O	O
.	LOC	O	O
For	O	O	O
1979	DATE	O	O
,	DATE	O	O
im	O	O	O
politikal	O	O	O
parti	O	O	O
,	O	O	O
kol	O	O	O
Movement	ORG	O	O
the	ORG	O	O
People	ORG	O	O
(MOP)	ORG	O	O
,	ORG	O	O
klin	O	O	O
up	O	O	O
sosaeti	O	O	O
laik	O	O	O
mop	O	O	O
.	O	O	O
Bot	O	O	O
govment	O	O	O
dat	O	O	O
taim	O	O	O
konfront	O	O	O
kwik	O	O	O
parti	O	O	O
aktiv	O	O	O
again	O	O	O
.	O	O	O
Nkrumahism	O	O	O
Africanism	O	O	O
MOP	O	O	O
prish	O	O	O

For	O	O	O
3	DATE	O	O
August	DATE	O	O
1996	DATE	O	O
,	DATE	O	O
Fela	PER	O	O
broda	O	O	O
wey	O	O	O
e	O	O	O
nem	O	O	O
na	O	O	O

Olikoye	PER	O	O
Ransome-Kuti	PER	O	O
na	O	O	O

prominent	O	O	O
AIDS	O	O	O
activist	O	O	O
an	O	O	O
na	O	O	O
foma	PER	O	O
minista	O	O	O
for	O	O	O
health	O	O	O
,	O	O	O
tok	O	O	O
sey	O	O	O
kill	O	O	O
Fela	PER	O	O
bot	O	O	O
e	O	O	O
waif	O	O	O
dem	O	O	O
no	O	O	O
gree	O	O	O
get	O	O	O
wen	O	O	O
dey	O	O	O
alive	O	O	O
.	O	O	O
Im	O	O	O
yonges	O	O	O
pikin	O	O	O
wey	O	O	O
bi	O	O	O
Seun	O	O	O
kom	O	O	O
tek	O	O	O
ova	O	O	O
di	O	O	O
rol	O	O	O
to	O	O	O
lid	O	O	O
band	O	O	O
Egypt	O	O	O
80	O	O	O
.	O	O	O
For	O	O	O
2020	DATE	O	O
,	DATE	O	O
still	O	O	O
aktiv	O	O	O
,	O	O	O
rilis	O	O	O
muzik	O	O	O
onda	O	O	O
Moniker	O	O	O
Kuti	O	O	O
&	O	O	O

Fela	PER	O	O
muzik	O	O	O
style	O	O	O
na	O	O	O
Afrobeat	O	O	O
.	O	O	O
Afrobeat	O	O	O
get	O	O	O
jazz	O	O	O
,	O	O	O
funk	O	O	O
,	O	O	O
highlife	O	O	O
,	O	O	O
tradishonal	O	O	O
Naijá	O	O	O
,	O	O	O
Afrika	O	O	O
chant	O	O	O
an	O	O	O
rhymes	O	O	O
.	O	O	O
Na	O	O	O
wey	O	O	O
konten	O	O	O
elements	O	O	O
of	O	O	O
psychedelic	O	O	O
soul	O	O	O
wan	O	O	O
resembu	O	O	O
how	O	O	O
James	PER	O	O
Brown	PER	O	O
dey	O	O	O
kompos	O	O	O
e	O	O	O
song	O	O	O
.	O	O	O
borrow	O	O	O
fom	O	O	O
di	O	O	O
natif	O	O	O
bj	O	O	O

tinker	O	O	O
pan	O	O	O
.	O	O	O
Tony	PER	O	O
Allen	PER	O	O
wey	O	O	O
bi	O	O	O
druma	O	O	O
for	O	O	O
twenty	DATE	O	O
years	DATE	O	O
.	DATE	O	O
Fela	DATE	O	O
don	O	O	O
tok	O	O	O
am	O	O	O
one	O	O	O
taim	O	O	O
sey	O	O	O
if	O	O	O
no	O	O	O
Allen	PER	O	O
,	PER	O	O
Afrobeat	O	O	O
dey	O	O	O
.	O	O	O
Fela	PER	O	O
band	O	O	O
dey	O	O	O
popular	O	O	O
bikos	O	O	O
e	O	O	O
yuz	O	O	O
two	O	O	O
baritone	O	O	O
saxophones	O	O	O
wen	O	O	O
meni	O	O	O
oda	O	O	O
group	O	O	O
dem	O	O	O
be	O	O	O
one	O	O	O
.	O	O	O
Dis	O	O	O
na	O	O	O
komon	O	O	O
teknik	O	O	O
Afrika-influenced	O	O	O
musical	O	O	O
styles	O	O	O
you	O	O	O
fit	O	O	O
see	O	O	O
funk	O	O	O
and	O	O	O
hip	O	O	O
hop	O	O	O
.	O	O	O
Somtaims	O	O	O
band	O	O	O
,	O	O	O
pesin	O	O	O
sabi	O	O	O
play	O	O	O
drum	O	O	O
base	O	O	O
di	O	O	O
sem	O	O	O
an	O	O	O
of	O	O	O
interlocking	O	O	O
melodies	O	O	O
rhythms	O	O	O
.	O	O	O
E	O	O	O
always	O	O	O
or	O	O	O
more	O	O	O
pipul	O	O	O
gitar	O	O	O
.	O	O	O
The	O	O	O
electric	O	O	O
West	O	O	O
African	O	O	O
style	O	O	O
gita	O	O	O
paramont	O	O	O
bot	O	O	O
to	O	O	O
gif	O	O	O
basik	O	O	O
strukture	O	O	O
,	O	O	O
repit	O	O	O
chordal/melodic	O	O	O
stetment	O	O	O
,	O	O	O
riff	O	O	O
,	O	O	O
groove	O	O	O
.	O	O	O
Som	O	O	O
element	O	O	O
Kuti	PER	O	O
musik	O	O	O
call-and-response	O	O	O
inside	O	O	O
korus	O	O	O
figurative	O	O	O
liriks	O	O	O
simpu	O	O	O
liriks	O	O	O
.	O	O	O
Im	O	O	O
song	O	O	O
long	O	O	O
like	O	O	O
10	O	O	O
15	O	O	O
minits	O	O	O
,	O	O	O
rech	O	O	O
20	O	O	O
30	O	O	O
som	O	O	O
trak	O	O	O
rilis	O	O	O
last	O	O	O
45	O	O	O
minits	O	O	O
pafom	O	O	O
live	O	O	O
stej	O	O	O
.	O	O	O
How	O	O	O
im	O	O	O
rizin	O	O	O
make	O	O	O
reach	O	O	O
digri	O	O	O

popularity	O	O	O
for	O	O	O
outside	O	O	O
Afrika	LOC	O	O
.	LOC	O	O
Im	O	O	O
LP	O	O	O
rekod	O	O	O
be	O	O	O
dey	O	O	O
get	O	O	O
one	O	O	O
30	O	O	O
minits	O	O	O
trak	O	O	O
.	O	O	O
E	O	O	O
som	O	O	O
of	O	O	O
e	O	O	O
musik	O	O	O
introdokshon	O	O	O
part	O	O	O
wey	O	O	O
long	O	O	O
reach	O	O	O
like	O	O	O
10-15	O	O	O
befor	O	O	O
go	O	O	O
com	O	O	O
start	O	O	O
to	O	O	O
sing	O	O	O
di	O	O	O
song	O	O	O
wit	O	O	O
liriks	O	O	O
dem	O	O	O
,	O	O	O
anoda	O	O	O
minits	O	O	O
.	O	O	O
For	O	O	O
rekods	O	O	O
devaid	O	O	O
two	O	O	O
pats:	O	O	O
pat	O	O	O
1	O	O	O
na	O	O	O
instrument	O	O	O
pat	O	O	O
,	O	O	O
and	O	O	O
2	O	O	O
vokal	O	O	O
add	O	O	O
pat	O	O	O
.	O	O	O
Kuti	PER	O	O
meni	O	O	O
Naija	LOC	O	O
pidgin	O	O	O
English	O	O	O
,	O	O	O
also	O	O	O
pafom	O	O	O
small	O	O	O
trumpet	O	O	O
,	O	O	O
electric	O	O	O
guita	O	O	O
,	O	O	O
occasional	O	O	O
drumsolo	O	O	O
.	O	O	O
no	O	O	O
gri	O	O	O
agen	O	O	O
afta	O	O	O
sabi	O	O	O
Yoruba	O	O	O
languaj	O	O	O
.	O	O	O
mein	O	O	O
dat	O	O	O
time	O	O	O
saxophone	O	O	O
key	O	O	O
board	O	O	O
,	O	O	O
but	O	O	O
de	O	O	O
play	O	O	O
don	O	O	O
alredy	O	O	O
make	O	O	O
too	O	O	O
popular	O	O	O
Dem	O	O	O
im	O	O	O
show	O	O	O
konsat	O	O	O
dem	O	O	O
wild	O	O	O
be	O	O	O
.	O	O	O
call	O	O	O
akt	O	O	O
do	O	O	O
stej	O	O	O
Underground	O	O	O
Spiritual	O	O	O
Game	O	O	O
.	O	O	O
Meni	O	O	O
pipu	O	O	O
espet	O	O	O
am	O	O	O
western	O	O	O
part	O	O	O
,	O	O	O
1980	DATE	O	O
,	DATE	O	O
interest	O	O	O
eni	O	O	O
show	O	O	O
.	O	O	O
pafomans	O	O	O
Europe	O	O	O
represent	O	O	O
wetin	O	O	O
hapun	O	O	O
an	O	O	O
oda	O	O	O
inspiration	O	O	O
dem	O	O	O
.	O	O	O
tink	O	O	O
art	O	O	O
sey	O	O	O
minin	O	O	O
politiks	O	O	O
.	O	O	O
Afro-Centric	ORG	O	O
consciousness	ORG	O	O
movement	ORG	O	O
date	O	O	O
diliva	O	O	O
from	O	O	O
sopos	O	O	O
effect	O	O	O
.	O	O	O
Wetin	O	O	O
Afrika	LOC	O	O
about	O	O	O
say	O	O	O
,	O	O	O
wen	O	O	O
you	O	O	O
feel	O	O	O
enitin	O	O	O
,	O	O	O
say	O	O	O
dat	O	O	O
.	O	O	O
intaviu	O	O	O
Hank	PER	O	O
Bordowitz	PER	O	O
Noise	PER	O	O
the	O	O	O
World	O	O	O
,	O	O	O
tok	O	O	O
say:	O	O	O
Muv!	O	O	O
I	O	O	O
wan	O	O	O
muv	O	O	O
dance	O	O	O
,	O	O	O
mek	O	O	O
we	O	O	O
am	O	O	O
.	O	O	O
Musik	O	O	O
nid	O	O	O
a	O	O	O
beta	O	O	O
laif	O	O	O
agenst	O	O	O
bad	O	O	O
laif	O	O	O
.	O	O	O
Wen	O	O	O
listen	O	O	O
somtin	O	O	O
laif	O	O	O
,	O	O	O
kind	O	O	O
pesin	O	O	O
musik	PER	O	O
,	PER	O	O
behevio	O	O	O
becos	O	O	O
area	O	O	O
.	O	O	O
Faces	O	O	O
Africa	O	O	O
CGTN	ORG	O	O
Afrika	ORG	O	O
,	ORG	O	O
kompie	O	O	O
bitwin	O	O	O
Oyinbo	O	O	O
languaj	O	O	O
love	O	O	O
own	O	O	O
Yes	O	O	O
,	O	O	O
England	LOC	O	O
,	LOC	O	O

di	O	O	O
musik	O	O	O
fit	O	O	O
be	O	O	O
tin	O	O	O
of	O	O	O
enjoiment	O	O	O
.	O	O	O
You	O	O	O
sing	O	O	O
about	O	O	O
love	O	O	O
,	O	O	O
you	O	O	O
wu	O	O	O
wan	O	O	O
folo	O	O	O
sleep	O	O	O
nest	O	O	O
.	O	O	O
But	O	O	O
for	O	O	O
awa	O	O	O
own	O	O	O
envairoment	O	O	O
hia	O	O	O
,	O	O	O
my	O	O	O
sosaeti	O	O	O
never	O	O	O
develop	O	O	O
becos	O	O	O
strenj	O	O	O
sistem	O	O	O
wey	O	O	O
dey	O	O	O
wit	O	O	O
pipu	O	O	O
.	O	O	O
Notin	O	O	O
like	O	O	O
love	O	O	O
.	O	O	O
Na	O	O	O
wetin	O	O	O
na	O	O	O
how	O	O	O
pipu	O	O	O
try	O	O	O
struggle	O	O	O
dia	O	O	O
laif	O	O	O
dem	O	O	O
to	O	O	O
live	O	O	O
.	O	O	O

E	O	O	O
politika	O	O	O
invovment:	O	O	O
Kuti	PER	O	O
invov	O	O	O
e	O	O	O
sef	O	O	O
for	O	O	O
politiks	O	O	O
in	O	O	O
Afrika	LOC	O	O
from	O	O	O
1970	DATE	O	O
till	O	O	O
di	O	O	O
time	O	O	O
wey	O	O	O
dai	O	O	O
.	O	O	O
kritisais	O	O	O
koropshon	O	O	O
fo	O	O	O
Naija	LOC	O	O
govment	O	O	O
woka	O	O	O
an	O	O	O
au	O	O	O
dem	O	O	O
tek	O	O	O
dey	O	O	O
trit	O	O	O
sitizin	O	O	O
bad	O	O	O
way	O	O	O
.	O	O	O
tok	O	O	O
about	O	O	O
how	O	O	O
strenja	O	O	O
bi	O	O	O
rut	O	O	O
ekonomi	O	O	O
Kraisis	O	O	O
Naija	LOC	O	O
,	LOC	O	O
aw	O	O	O
be	O	O	O
yawa	O	O	O
pipu	O	O	O
fes	O	O	O
.	O	O	O

Koropshon	O	O	O
na	O	O	O
won	O	O	O
wos	O	O	O
problem	O	O	O
fo	O	O	O
politik	O	O	O
wey	O	O	O
Afrika	LOC	O	O
dey	O	O	O
fes	O	O	O
1970s	DATE	O	O
an	O	O	O
Naija	LOC	O	O
for	O	O	O
di	O	O	O
kontri	O	O	O
koropshon	O	O	O
sidon	O	O	O
.	O	O	O
Govment	O	O	O
dabaru	O	O	O
eleshon	O	O	O
pafom	O	O	O
kup	O	O	O
kom	O	O	O
povati	O	O	O
mata	O	O	O
,	O	O	O
e	O	O	O
mek	O	O	O
ekonomi	O	O	O
mata	O	O	O
sef	O	O	O
drop	O	O	O
,	O	O	O
emploiment	O	O	O
no	O	O	O
dey	O	O	O
,	O	O	O
politiks	O	O	O
stebu	O	O	O
,	O	O	O
wit	O	O	O
kraim	O	O	O
plenti	O	O	O
well	O	O	O
well	O	O	O
.	O	O	O
Kuti	O	O	O
protes	O	O	O
musik	O	O	O
taitu	O	O	O
,	O	O	O
rialiti	O	O	O
wetin	O	O	O
hapun	O	O	O
to	O	O	O
mata	O	O	O
.	O	O	O
Na	O	O	O
all	O	O	O
go	O	O	O
don	O	O	O
hie	O	O	O
about	O	O	O
stetment	O	O	O
politiks	O	O	O
.	O	O	O
song	O	O	O
tok	O	O	O
bad	O	O	O
tins	O	O	O
kain	O	O	O
way	O	O	O
shitin	O	O	O
de	O	O	O
how	O	O	O
dem	O	O	O
kontro	O	O	O
witaut	O	O	O
konsikwens	O	O	O
.	O	O	O
E	O	O	O
pass	O	O	O
200	O	O	O
diferens	O	O	O
time	O	O	O
arest	O	O	O
and	O	O	O
spend	O	O	O
jail	O	O	O
,	O	O	O
20	O	O	O
mont	O	O	O
jail	O	O	O
afta	O	O	O
am	O	O	O
1984	DATE	O	O
.	DATE	O	O
For	O	O	O
dat	O	O	O
time	O	O	O
,	O	O	O
koropt	O	O	O
govment	O	O	O
send	O	O	O
sojas	O	O	O
bit	O	O	O
Kuti	O	O	O
,	O	O	O
family	O	O	O
frends	O	O	O
,	O	O	O
distroi	O	O	O
wie	O	O	O
stay	O	O	O
instrument	O	O	O
rekods	O	O	O
dem	O	O	O
.	O	O	O

For	O	O	O
di	O	O	O
time	O	O	O
of	O	O	O
1970	DATE	O	O
,	DATE	O	O
e	O	O	O
bigin	O	O	O
tok	O	O	O
for	O	O	O
politiks	O	O	O
deli	O	O	O
an	O	O	O
wikli	O	O	O
nius	O	O	O
pepa	O	O	O
advat	O	O	O
like	O	O	O
The	ORG	O	O
Daily	ORG	O	O
Times	ORG	O	O
and	O	O	O
Punch	ORG	O	O
,	ORG	O	O
livin	O	O	O
editorial	O	O	O
censorship	O	O	O
in	O	O	O
Nigeria's	LOC	O	O
predominantly	O	O	O
state-controlled	O	O	O
media	O	O	O
.	O	O	O

Dem	O	O	O
poblish	O	O	O
am	O	O	O
for	O	O	O
di	O	O	O
time	O	O	O
of	O	O	O
1970	DATE	O	O
and	O	O	O
eli	O	O	O
1980	DATE	O	O
onda	O	O	O
taitu	O	O	O
Chief	O	O	O
Priest	O	O	O
Say	O	O	O
,	O	O	O
dis	O	O	O
kolums	O	O	O
na	O	O	O
Kuti	PER	O	O
estenshon	O	O	O
im	O	O	O
femos	O	O	O
Yabi	O	O	O
Sessions-consciousness-raising	O	O	O
word-sound	O	O	O
rituals	O	O	O
wit	O	O	O
e	O	O	O
sef	O	O	O
as	O	O	O
chief	O	O	O
priest	O	O	O

for	O	O	O
e	O	O	O
nite	O	O	O
klob	O	O	O
Lagos	LOC	O	O
wey	O	O	O
de	O	O	O
oganise	O	O	O
militantly	O	O	O
Afrocentric	O	O	O
histri	O	O	O
and	O	O	O
di	O	O	O

esens	O	O	O
for	O	O	O
black	O	O	O
beauty	O	O	O
,	O	O	O
Chief	PER	O	O
Priest	PER	O	O
tok	O	O	O
say	O	O	O
focused	O	O	O
on	O	O	O
the	O	O	O
role	O	O	O
of	O	O	O
cultural	O	O	O
hegemony	O	O	O
in	O	O	O
continuing	O	O	O
subjugation	O	O	O
Africans	O	O	O
.	O	O	O

Kuti	PER	O	O
tell	O	O	O
plenti	O	O	O
topiks	O	O	O
on	O	O	O
kondemin	O	O	O
di	O	O	O
Naija	LOC	O	O
govment	O	O	O
krimina	O	O	O
behavio	O	O	O
,	O	O	O
how	O	O	O
Islamik	O	O	O
and	O	O	O
Kristen	O	O	O

don	O	O	O
koropt	O	O	O
reach	O	O	O
,	O	O	O
and	O	O	O
bad	O	O	O
plenti	O	O	O
koporeshon	O	O	O
dem;	O	O	O
E	O	O	O
tok	O	O	O
abaut	O	O	O
di	O	O	O
brek	O	O	O
down	O	O	O
of	O	O	O
Western	O	O	O
medicine	O	O	O
,	O	O	O
Black	O	O	O
Muslims	O	O	O
,	O	O	O
Sex	O	O	O
,	O	O	O
Pollution	O	O	O
,	O	O	O
Poreverty	O	O	O
.	O	O	O
Chief	O	O	O
Priest	O	O	O

tok	O	O	O
sey	O	O	O
The	ORG	O	O
Daily	ORG	O	O
Times	ORG	O	O
and	O	O	O
Punch	ORG	O	O
Kansu	O	O	O
all	O	O	O
e	O	O	O
ripot	O	O	O
dem	O	O	O
.	O	O	O
Plenti	O	O	O
oda	O	O	O
pipu	O	O	O
sef	O	O	O
dem	O	O	O
preshor	O	O	O
di	O	O	O
pepa	O	O	O
editors	O	O	O
to	O	O	O
stop	O	O	O
dey	O	O	O
rait	O	O	O
dis	O	O	O
tins	O	O	O
inside	O	O	O
wit	O	O	O
trets	O	O	O
of	O	O	O

vawulens	O	O	O
dem	O	O	O
.	O	O	O

Kuti	PER	O	O
musik	O	O	O
dey	O	O	O
tok	O	O	O
abut	O	O	O
wetin	O	O	O
e	O	O	O
be	O	O	O
get	O	O	O
for	O	O	O
mind	O	O	O
.	O	O	O
How	O	O	O
tek	O	O	O
popula	O	O	O
1970s	DATE	O	O
show	O	O	O
di	O	O	O
shenj	O	O	O

wey	O	O	O
dey	O	O	O
for	O	O	O
Naija	LOC	O	O
musik	O	O	O
art	O	O	O
and	O	O	O
di	O	O	O
tok	O	O	O
politiks	O	O	O
dat	O	O	O
time	O	O	O
.	O	O	O
For	O	O	O
1984	DATE	O	O
,	DATE	O	O
e	O	O	O
yab	O	O	O
presido	O	O	O
pawa	O	O	O
time	O	O	O
bi	O	O	O
President	O	O	O
Muhammadu	PER	O	O
Buhari	PER	O	O
.	PER	O	O

Beast	O	O	O
of	O	O	O
No	O	O	O
Nation	O	O	O
,	O	O	O
na	O	O	O
one	O	O	O
di	O	O	O
most	O	O	O
popula	O	O	O
song	O	O	O
wey	O	O	O
e	O	O	O
refar	O	O	O
to	O	O	O
Buhari	PER	O	O
sey	O	O	O
bi	O	O	O
anima	O	O	O
dey	O	O	O
for	O	O	O
mad	O	O	O
man	O	O	O
bodi	O	O	O
.	O	O	O
E	O	O	O
tok	O	O	O
am	O	O	O
Naija	LOC	O	O
pijin	O	O	O
sey:	O	O	O
outside	O	O	O
ee	O	O	O
,	O	O	O

na	O	O	O
craze	O	O	O
man	O	O	O
,	O	O	O
man	O	O	O
bi	O	O	O
dat	O	O	O
,	O	O	O
animal	O	O	O
in	O	O	O
skini	O	O	O
.	O	O	O
Kuti	PER	O	O
get	O	O	O
strong	O	O	O
belief	O	O	O
for	O	O	O
Afrika	LOC	O	O
and	O	O	O
e	O	O	O
dey	O	O	O
alwes	O	O	O
preash	O	O	O
pis	O	O	O
among	O	O	O
pipu	O	O	O
.	O	O	O

E	DATE	O	O
tink	O	O	O
sey	O	O	O
to	O	O	O
fight	O	O	O
agenst	O	O	O
Europe	LOC	O	O
pipu	O	O	O
korshor	O	O	O
and	O	O	O
sopot	O	O	O
tradishona	O	O	O
riligion	O	O	O
dem	O	O	O
e	O	O	O
lifestyle	O	O	O
for	O	O	O
dia	O	O	O
kontinent	O	O	O
.	O	O	O
Di	O	O	O
American	ORG	O	O
Black	ORG	O	O
Power	ORG	O	O
movment	ORG	O	O
also	PER	O	O
show	O	O	O
how	O	O	O
Kuti	PER	O	O
tek	O	O	O
viu	O	O	O
politiks	O	O	O
,	O	O	O
di	O	O	O
Pan	O	O	O
-	O	O	O
Africanism	O	O	O
Socialism	O	O	O
wey	ORG	O	O
call	O	O	O
go	O	O	O
dey	O	O	O
as	O	O	O
one	O	O	O
bi	O	O	O
Democratic	O	O	O
African	O	O	O
Republic	O	O	O
.	O	O	O
Kwame	PER	O	O
Nkrumah	PER	O	O
Thomas	PER	O	O
Sankara	PER	O	O
among	O	O	O
leeda	O	O	O
Afrika	O	O	O
be	PER	O	O
wen	LOC	O	O
still	O	O	O
alaif	O	O	O
.	O	O	O
na	O	O	O
pesin	O	O	O
strong	O	O	O
human	O	O	O
rite	O	O	O
mata	O	O	O
,	O	O	O
meni	O	O	O
of	O	O	O
musik	O	O	O
direkt	O	O	O
atak	O	O	O
agenstdi	O	O	O
diktetors	O	O	O
politiks	O	O	O
espeshiali	O	O	O
militiri	O	O	O
govment	ORG	O	O
rule	O	O	O
Naija	ORG	O	O
1970s	DATE	O	O
1980s	DATE	O	O
.	DATE	O	O
yab	O	O	O
im	O	O	O
felo	O	O	O
upper	O	O	O
klas	O	O	O
bitre	O	O	O
tradishon	O	O	O
korshor	O	O	O
.	O	O	O
For	O	O	O
1978	DATE	O	O
bekom	PER	O	O
man	O	O	O
wit	O	O	O
wife	O	O	O
,	O	O	O
mari	O	O	O
27	O	O	O
wumen	O	O	O
afta	O	O	O
oda	O	O	O
.	O	O	O
Na	O	O	O
popula	O	O	O
wedin	O	O	O
dat	O	O	O
time	O	O	O
serv	O	O	O
porpos:	O	O	O
mark	O	O	O
year	O	O	O
anivasri	O	O	O
wife	O	O	O
sovaiv	O	O	O
hapun	O	O	O
Kalakuta	O	O	O
Republic	O	O	O
by	O	O	O
militri	O	O	O
1977	DATE	O	O
,	DATE	O	O
naso	DATE	O	O
fomalise	O	O	O
rileshon	O	O	O
de	O	O	O
betwin	O	O	O
liv	O	O	O
dis	O	O	O
lega	O	O	O
status	O	O	O
privent	O	O	O
no	O	O	O
fit	O	O	O
kom	O	O	O
kompand	O	O	O
,	O	O	O
on	O	O	O
kidnap	O	O	O
wimen	O	O	O
dem	O	O	O
.	O	O	O
tok	O	O	O
about	O	O	O
wetin	O	O	O
sens	O	O	O
norma	O	O	O
.	O	O	O
Man	O	O	O
fest	O	O	O
ples	O	O	O
.	O	O	O
laik	O	O	O
Europe	LOC	O	O
,	LOC	O	O
a	O	O	O
don	O	O	O
mari	O	O	O
,	O	O	O

wen	O	O	O
di	O	O	O
wife	O	O	O
dey	O	O	O
sleep	O	O	O
,	O	O	O
e	O	O	O
go	O	O	O
out	O	O	O
slip	O	O	O
around	O	O	O
.	O	O	O
E	O	O	O
kari	O	O	O
wuman	O	O	O
kom	O	O	O
haus	O	O	O
,	O	O	O
and	O	O	O
man	O	O	O
liv	O	O	O
wit	O	O	O
am	O	O	O
stop	O	O	O
to	O	O	O
run	O	O	O
around	O	O	O
strit	O	O	O
.	O	O	O
Som	O	O	O
pipu	O	O	O
tok	O	O	O
sey	O	O	O
im	O	O	O
viu	O	O	O
for	O	O	O
mata	O	O	O
na	O	O	O
kain	O	O	O
filin	O	O	O
wey	O	O	O
mek	O	O	O
sing	O	O	O
song	O	O	O
like	O	O	O
Mattress	O	O	O
foda	O	O	O
pruf	O	O	O
mor	O	O	O
esampu	O	O	O
,	O	O	O
mok	O	O	O
African	O	O	O
women's	O	O	O
aspiration	O	O	O
European	O	O	O
standards	O	O	O
of	O	O	O
ladyhood	O	O	O
wai	O	O	O
prais	O	O	O
valu	O	O	O
market	O	O	O
wumen	O	O	O
bi	O	O	O
Lady	O	O	O
.	O	O	O
Kuti	PER	O	O
also	O	O	O
agenst	O	O	O
wetin	O	O	O
konsida	O	O	O
say	O	O	O
strong	O	O	O
displa	O	O	O
Afrika	LOC	O	O
karakta	O	O	O
men	O	O	O
.	O	O	O
For	O	O	O
J	O	O	O
.	O	O	O
J	O	O	O
.	O	O	O
D	O	O	O
.	O	O	O
(Johnny	O	O	O
Just	O	O	O
Drop)	O	O	O
Gentleman	O	O	O
,	O	O	O

Kuti	PER	O	O
mok	O	O	O
di	O	O	O
men	O	O	O
for	O	O	O
how	O	O	O
dem	O	O	O
tek	O	O	O
dey	O	O	O
do	O	O	O
dia	O	O	O
kulshor	O	O	O
and	O	O	O
politiks	O	O	O
wey	O	O	O
Erop	O	O	O
pipu	O	O	O
kari	O	O	O
enta	O	O	O
Afrika	LOC	O	O
e	O	O	O
kom	O	O	O
deklie	O	O	O
sef	O	O	O
say	O	O	O
im	O	O	O
bi	O	O	O
African	O	O	O
man:	O	O	O
Original	O	O	O
,	O	O	O
na	O	O	O
pesin	O	O	O
tok	O	O	O
well	O	O	O
agenst	O	O	O
United	LOC	O	O
States	LOC	O	O
.	LOC	O	O
For	O	O	O
one	O	O	O
mitin	O	O	O
go	O	O	O
wen	O	O	O
waka	O	O	O
Amsterdam	LOC	O	O
,	LOC	O	O
komplen	O	O	O
abaut	O	O	O
kind	O	O	O
mind	O	O	O
war	O	O	O
Amerika	LOC	O	O
join	O	O	O
bodi	O	O	O
like	O	O	O
ITT	O	O	O
CIA	O	O	O
nashons	O	O	O
de	O	O	O
divelop	O	O	O
languaj	O	O	O
.	O	O	O
Bekos	O	O	O
word	O	O	O
be	O	O	O
Third	O	O	O
World	O	O	O
,	O	O	O
undeveloped	O	O	O
,	O	O	O
or	O	O	O
wons	O	O	O
even	O	O	O
wos	O	O	O
kontris	O	O	O
no	O	O	O
gri	O	O	O
wit	O	O	O
wetin	O	O	O
fek	O	O	O
bi	O	O	O
.	O	O	O
fill	PER	O	O
mek	O	O	O
stop	O	O	O
to	O	O	O
yus	O	O	O
dem	O	O	O
.	O	O	O

Den	O	O	O
dey	O	O	O
rimemba	O	O	O
Kuti	PER	O	O
for	O	O	O
how	O	O	O
e	O	O	O
tek	O	O	O
bi	O	O	O
important	O	O	O
pesin	O	O	O
wey	O	O	O
tok	O	O	O
aidia	O	O	O
mata	O	O	O
de	O	O	O
afekt	O	O	O

di	O	O	O
nashon	O	O	O
wit	O	O	O
e	O	O	O
musik	O	O	O
.	O	O	O
Na	O	O	O
from	O	O	O
1998	DATE	O	O
,	DATE	O	O
na	O	O	O
im	O	O	O
Felabration	O	O	O
festival	O	O	O
wey	O	O	O
bi	O	O	O
one	O	O	O
aidia	O	O	O
dohta	O	O	O
Yeni	PER	O	O
Kuti	PER	O	O
start	O	O	O
,	O	O	O
dem	O	O	O
de	O	O	O
do	O	O	O
am	O	O	O
evri	O	O	O
year	O	O	O
for	O	O	O
New	O	O	O
Afrika	O	O	O
Shrine	O	O	O
to	O	O	O
selibret	O	O	O
laif	O	O	O
of	O	O	O
dis	O	O	O
musik	O	O	O
ogbonge	O	O	O
pesin	O	O	O
and	O	O	O
betday	O	O	O
.	O	O	O
Sins	O	O	O
taim	O	O	O
dai	O	O	O
1997	DATE	O	O
,	DATE	O	O
don	O	O	O

do	O	O	O
e	O	O	O
revaiva	O	O	O
for	O	O	O
how	O	O	O
musik	O	O	O
tek	O	O	O
dey	O	O	O
impotant	O	O	O
and	O	O	O
tok	O	O	O
abaut	O	O	O
awa	O	O	O
popula	O	O	O
kolshor	O	O	O
,	O	O	O
kom	O	O	O
rilis	O	O	O
plenti	O	O	O
of	O	O	O
from	O	O	O
list	O	O	O
wey	O	O	O
UMG	ORG	O	O
kontro	O	O	O
,	O	O	O
big	O	O	O
ples	O	O	O
no	O	O	O
bi	O	O	O
opun	O	O	O
ples	O	O	O
,	O	O	O
dem	O	O	O
pafom	O	O	O
shos	O	O	O
niu	O	O	O
band	O	O	O
laik	O	O	O
Antibalas	ORG	O	O
,	ORG	O	O
kari	O	O	O
di	O	O	O
Afrobit	O	O	O
bana	O	O	O
niw	O	O	O
genereshon	O	O	O
to	O	O	O
pipu	O	O	O
de	O	O	O
hie	O	O	O
musik	O	O	O
.	O	O	O

For	O	O	O
1999	DATE	O	O
,	DATE	O	O
Universal	ORG	O	O
Music	ORG	O	O
France	ORG	O	O
,	ORG	O	O
wey	O	O	O
dey	O	O	O
onda	O	O	O
Francis	PER	O	O
Kertekian	PER	O	O
,	PER	O	O
mek	O	O	O
a	O	O	O
niu	O	O	O
45	O	O	O
albom	O	O	O
saund	O	O	O
rekod	O	O	O
dem	O	O	O
rilis	O	O	O
am	O	O	O
for	O	O	O
26	O	O	O
kompat	O	O	O
disk	O	O	O
.	O	O	O
Dem	O	O	O
kom	O	O	O
giv	O	O	O
laisens	O	O	O

di	O	O	O
song	O	O	O
taitu	O	O	O
for	O	O	O
world	O	O	O
,	O	O	O
esept	O	O	O
naija	LOC	O	O
and	O	O	O
Japan	LOC	O	O
,	LOC	O	O
wie	O	O	O
oda	O	O	O
kompani	O	O	O
get	O	O	O
kuti	PER	O	O
musik	O	O	O
.	O	O	O
For	O	O	O
2005	DATE	O	O
,	DATE	O	O
UMG	ORG	O	O
opereshon	O	O	O
Amerika	LOC	O	O
giv	O	O	O
laisens	O	O	O
to	O	O	O
all	O	O	O
e	O	O	O
world	O	O	O
musik	O	O	O
UK-Based	LOC	O	O
label	O	O	O
wey	O	O	O
bi	O	O	O
Wrasse	ORG	O	O
Records	ORG	O	O
,	ORG	O	O
ripakej	O	O	O
sem	O	O	O
26	O	O	O
disk	O	O	O
dem	O	O	O
go	O	O	O
distribut	O	O	O
United	LOC	O	O
States	LOC	O	O

(Na	O	O	O
die	O	O	O
dem	O	O	O
riples	O	O	O
di	O	O	O
taitu	O	O	O
wey	O	O	O
MCA	O	O	O
giv)	O	O	O
and	O	O	O
one	O	O	O
UK	LOC	O	O
giv	O	O	O
.	O	O	O
For	O	O	O
2009	DATE	O	O
,	DATE	O	O
Universal	ORG	O	O
kom	O	O	O
kriet	O	O	O
niu	O	O	O
deal	O	O	O
for	O	O	O
US	LOC	O	O
Europe	LOC	O	O
,	LOC	O	O
wit	O	O	O
Knitting	ORG	O	O
Factory	ORG	O	O
Records	ORG	O	O
and	O	O	O
.	O	O	O
.	O	O	O
PIAS	O	O	O
,	O	O	O
get	O	O	O
Broadway	ORG	O	O
cast	ORG	O	O
record	ORG	O	O
rilis	ORG	O	O
Fela	PER	O	O
musik	PER	O	O
.	PER	O	O
2013	DATE	O	O
,	DATE	O	O
FKO	ORG	O	O
Ltd	ORG	O	O
,	ORG	O	O
na	ORG	O	O
join	O	O	O
bodi	O	O	O
rite	O	O	O
to	O	O	O
all	O	O	O
song	O	O	O
Kuti	PER	O	O
rait	PER	O	O
,	PER	O	O
BMG	ORG	O	O
Rights	ORG	O	O
Management	ORG	O	O
am	O	O	O
.	O	O	O
2003	DATE	O	O
,	DATE	O	O
displey	O	O	O

Black	O	O	O
President	O	O	O
as	O	O	O
di	O	O	O
fest	O	O	O
tin	O	O	O
for	O	O	O
niu	O	O	O
Musiom	O	O	O
Contemporary	O	O	O
Art	O	O	O
New	LOC	O	O
York	LOC	O	O
and	O	O	O
mek	O	O	O
atrakshon	O	O	O
konsat	O	O	O
dem	O	O	O
,	O	O	O
different	O	O	O
parti	O	O	O
fim	O	O	O
intanashona	O	O	O

art	O	O	O
wok	O	O	O
wey	O	O	O
rish	O	O	O
39	O	O	O
.	O	O	O
Bilal	PER	O	O
bi	O	O	O
Amerika	O	O	O
singa	O	O	O
rekod	O	O	O

and	O	O	O
do	O	O	O
som	O	O	O
song	O	O	O
wey	O	O	O
Kuti	PER	O	O
sing	O	O	O
for	O	O	O
1997	DATE	O	O
bi	O	O	O
Sorrow	O	O	O
Tears	O	O	O
Blood	O	O	O
e	O	O	O
sekond	O	O	O
albom	O	O	O
,	O	O	O
Love	O	O	O
Sale	O	O	O
fishor	O	O	O
one	O	O	O
rappa	O	O	O
jus	O	O	O
kom	O	O	O
.	O	O	O
Bilal	PER	O	O
see	O	O	O
kombinashon	O	O	O
be	O	O	O
jazz	O	O	O
folk	O	O	O
sey	O	O	O
na	O	O	O

efekt	O	O	O
e	O	O	O
musik	O	O	O
.	O	O	O
One	O	O	O
fim	O	O	O
wey	O	O	O
dem	O	O	O
do	O	O	O
for	O	O	O
2007	DATE	O	O
,	DATE	O	O
nem	O	O	O
na	O	O	O
The	O	O	O
Visitor	O	O	O
bi	O	O	O
sey	O	O	O
Thomas	PER	O	O
McCarthy	PER	O	O
dairet	O	O	O
am	O	O	O
,	O	O	O
reprisent	O	O	O
won	O	O	O
diskonekted	O	O	O
profesor	O	O	O
(Richard	PER	O	O
Jenkins)	PER	O	O
wan	O	O	O
pley	O	O	O
di	O	O	O
djembe;	O	O	O
len	O	O	O
am	O	O	O
from	O	O	O
yong	O	O	O
pesin	O	O	O
kom	O	O	O
Syria	LOC	O	O

(Haaz	PER	O	O
Sleiman)	PER	O	O
na	O	O	O
e	O	O	O
tell	O	O	O
di	O	O	O
profesor	O	O	O
sey	O	O	O
no	O	O	O
go	O	O	O

fit	O	O	O
ondastand	O	O	O
Afrika	O	O	O
musik	O	O	O
if	O	O	O
e	O	O	O
no	O	O	O
gri	O	O	O
hie	O	O	O
Kuti	PER	O	O
dem	O	O	O
.	O	O	O
For	O	O	O
di	O	O	O
fim	O	O	O
,	O	O	O
dem	O	O	O
yus	O	O	O
song	O	O	O
wey	O	O	O
bi	O	O	O
Open	O	O	O
and	O	O	O
Close	O	O	O

Je'nwi	O	O	O
Temi	O	O	O
(Don't	O	O	O
Gag	O	O	O
Me)	O	O	O
.	O	O	O
For	O	O	O
2008	DATE	O	O
,	DATE	O	O
small	O	O	O

ples	O	O	O
dem	O	O	O
,	O	O	O
dem	O	O	O
do	O	O	O
prodokshon	O	O	O
abaot	O	O	O
laif	O	O	O
wey	O	O	O
Kuti	PER	O	O
liv	O	O	O

dem	O	O	O
koll	O	O	O
Fela!	PER	O	O
and	O	O	O
na	O	O	O
e	O	O	O
mek	O	O	O
di	O	O	O
Fela	PER	O	O
laif	O	O	O
tori	O	O	O
wey	O	O	O
do	O	O	O
for	O	O	O
1982	DATE	O	O
,	DATE	O	O
bi	O	O	O
This	O	O	O
Bitch	O	O	O
of	O	O	O
a	O	O	O
Life	O	O	O
from	O	O	O
Carlos	PER	O	O
Moore	PER	O	O
,	PER	O	O
stat	O	O	O
to	O	O	O
join	O	O	O
bodi	O	O	O
togeda	O	O	O
wok	O	O	O
bitwin	O	O	O
Afrobeat	O	O	O
band	O	O	O
Antibalas	ORG	O	O
Tony	O	O	O
awod	O	O	O
winna	O	O	O
nem	O	O	O
Bill	PER	O	O
T	PER	O	O
.	PER	O	O
Jones	PER	O	O
.	PER	O	O
Di	O	O	O
prodokshon	O	O	O
big	O	O	O
sosess	O	O	O
sell	O	O	O
well	O	O	O
time	O	O	O
,	O	O	O
pipu	O	O	O
dey	O	O	O
tok	O	O	O
agenst	O	O	O
am	O	O	O
even	O	O	O
de	O	O	O
preis	O	O	O
beta	O	O	O
tins	O	O	O
abaut	O	O	O

di	O	O	O
sosess	O	O	O
.	O	O	O
For	O	O	O
November	DATE	O	O
22	DATE	O	O
,	DATE	O	O
2009	DATE	O	O
.	DATE	O	O
Fela!	PER	O	O
kom	O	O	O
be	O	O	O
wetin	O	O	O
dey	O	O	O
for	O	O	O

big	O	O	O
opun	O	O	O
ples	O	O	O
for	O	O	O
di	O	O	O
Eugene	LOC	O	O
O'Neill	LOC	O	O
Theatre	LOC	O	O
.	LOC	O	O
Jim	PER	O	O
Lewis	PER	O	O
hep	O	O	O
wrait	O	O	O
skript	O	O	O
wit	O	O	O
Jones	PER	O	O
among	O	O	O
oda	O	O	O
pipu	O	O	O
,	O	O	O
pipu	O	O	O
laik	O	O	O
Jay-Z	PER	O	O
and	PER	O	O
Will	PER	O	O
Smith	PER	O	O
,	PER	O	O
giv	O	O	O
am	O	O	O
produsa	O	O	O
backup	O	O	O
.	O	O	O
Wen	O	O	O
e	O	O	O
rish	O	O	O
May	DATE	O	O
4	DATE	O	O
,	DATE	O	O
2010	DATE	O	O
.	DATE	O	O
dey	O	O	O
kom	O	O	O
nominet	O	O	O
Fela	PER	O	O

for	O	O	O
11	O	O	O
Tony	O	O	O
Awards	O	O	O
,	O	O	O
wit	O	O	O
di	DATE	O	O
Best	O	O	O
Music	O	O	O
,	O	O	O
Book	O	O	O
of	O	O	O
a	O	O	O
musical	O	O	O
,	O	O	O
Direction	O	O	O
Musical	O	O	O
Bill	PER	O	O
T	PER	O	O
.	PER	O	O
Jones	PER	O	O
,	PER	O	O
Leading	O	O	O
Actor	O	O	O
in	O	O	O
Sahr	PER	O	O
Ngaujah	PER	O	O
,	PER	O	O
and	O	O	O
Featured	O	O	O
Actress	O	O	O
Lillias	PER	O	O
White	PER	O	O
.	PER	O	O
For	O	O	O
2011	DATE	O	O
,	DATE	O	O
dem	O	O	O
do	O	O	O
one	O	O	O
fim	O	O	O
London	LOC	O	O
Prodokshon	O	O	O
Fela!	PER	O	O
Wey	O	O	O
koll	O	O	O
(	O	O	O
stage	O	O	O
at	O	O	O
the	O	O	O
Royal	O	O	O
National	O	O	O
Theatre)	O	O	O
.	O	O	O
11	O	O	O
,	O	O	O
June	DATE	O	O
2012	DATE	O	O
,	DATE	O	O
anaons	O	O	O
am	O	O	O
sey	O	O	O
go	O	O	O
reton	O	O	O
bak	PER	O	O
to	O	O	O
32	O	O	O
opun	O	O	O
ples	O	O	O
pafomans	O	O	O
.	O	O	O
2009	DATE	O	O
,	DATE	O	O
DJ	DATE	O	O
J	PER	O	O
.	PER	O	O
Period	PER	O	O
rilis	O	O	O
wan	O	O	O
fri	O	O	O
mixtep	O	O	O
jenera	O	O	O
poblik	O	O	O
wey	O	O	O
e	O	O	O
nem	O	O	O
tep	O	O	O
The	PER	O	O
Messengers	O	O	O
.	O	O	O
And	O	O	O
na	O	O	O
kolabo	O	O	O
hip-hop	O	O	O
musishian	O	O	O
bon	O	O	O
Somalia	LOC	O	O
K'naan	O	O	O
togeda	O	O	O
prais	O	O	O
Kuti	PER	O	O
,	PER	O	O
Bob	O	O	O
Marley	PER	O	O
,	PER	O	O
Dylan	PER	O	O
.	PER	O	O
Afta	PER	O	O
two	O	O	O
mont	DATE	O	O
,	DATE	O	O
Knitting	DATE	O	O
Factory	ORG	O	O
stat	O	O	O
tu	O	O	O
rekod	O	O	O
45	O	O	O
taitu	O	O	O
kontro	O	O	O
by	O	O	O
UMG	O	O	O
again	ORG	O	O
,	ORG	O	O
E	O	O	O
Fela	DATE	O	O
Kuti	PER	O	O
statue	PER	O	O
Ikeja	LOC	O	O
,	LOC	O	O
Lagos	LOC	O	O
anoda	O	O	O
US	O	O	O
konpilashon	O	O	O
bi	O	O	O
Black	O	O	O
President	O	O	O
komplit	O	O	O
2013	O	O	O
.	O	O	O
Son	PER	O	O
Kuti:	O	O	O
Fall	PER	O	O
Kalakuta	O	O	O
stej	O	O	O
play	O	O	O
Onyekaba	PER	O	O
Cornel	PER	O	O
Bestin	PER	O	O
2010	PER	O	O
.	PER	O	O
don	DATE	O	O
klem	O	O	O
win	O	O	O
as	O	O	O
pat	O	O	O
year	O	O	O
Felabreshon	O	O	O
2014	O	O	O
Theatre	O	O	O
Freedom	O	O	O
Park	O	O	O
Lagos	O	O	O
.	O	O	O
Di	LOC	O	O
pley	LOC	O	O
dil	O	O	O
event	O	O	O
haid	O	O	O
ples	O	O	O
,	O	O	O
day	O	O	O
afta	O	O	O
fall	O	O	O
.	O	O	O

Di	O	O	O
full	O	O	O
lent	O	O	O
dokumentri	O	O	O
fim	O	O	O
Finding	O	O	O
Fela	PER	O	O
,	PER	O	O
wey	O	O	O
bi	O	O	O
sey	O	O	O
na	O	O	O
Alex	PER	O	O
Gibney	PER	O	O
dairekt	O	O	O
am	O	O	O
,	O	O	O
e	O	O	O
nomba	O	O	O
one	DATE	O	O
for	O	O	O
di	O	O	O
2014	DATE	O	O
Sundance	DATE	O	O
Film	O	O	O
Festival	O	O	O
.	O	O	O
A	O	O	O
biographical	O	O	O
film	O	O	O
by	O	O	O
Focus	O	O	O
Features	O	O	O
Steve	PER	O	O
McQueen	PER	O	O
dairet	PER	O	O
and	O	O	O
Biyi	O	O	O
Bandele	PER	O	O
raite	PER	O	O
2010	DATE	O	O
,	DATE	O	O
stori	O	O	O
kom	O	O	O
dey	O	O	O
dat	O	O	O
time	O	O	O

for	O	O	O
prodokshon	O	O	O
,	O	O	O
wit	O	O	O
Chiwete	PER	O	O
Ejiofor	PER	O	O
di	O	O	O
lead	O	O	O
role	O	O	O
.	O	O	O
So	O	O	O
,	O	O	O
2014	DATE	O	O
,	DATE	O	O
proposa	O	O	O
no	O	O	O
longa	O	O	O
dey	PER	O	O
prodius	O	O	O
onda	O	O	O
Focus	O	O	O
Feature	O	O	O
,	O	O	O
and	O	O	O
e	O	O	O
menten	O	O	O
role	O	O	O
as	PER	O	O
main	O	O	O
pesin	O	O	O
wey	O	O	O
raite	O	O	O
am	O	O	O
,	O	O	O
Kom	O	O	O
riples	O	O	O
McQueen	PER	O	O
kom	PER	O	O
put	O	O	O
Andrew	PER	O	O
Dosunmu	PER	O	O
darekto	O	O	O
.	O	O	O
tell	O	O	O
ripot	O	O	O
Hollywood	O	O	O
sey	O	O	O
fim	O	O	O
don	O	O	O
die	O	O	O
.	O	O	O
Di	PER	O	O
2019	O	O	O
dokumentri	DATE	O	O
bi	O	O	O
My	O	O	O
Friend	O	O	O
Fela	O	O	O
(Meu	O	O	O
amigo	O	O	O
Fela)	O	O	O
na	O	O	O
Joel	O	O	O
Zito	PER	O	O
Araújo	PER	O	O
do	PER	O	O
bring	O	O	O
about	O	O	O
Kuti	DATE	O	O
laif	PER	O	O
tru	O	O	O
eyes	O	O	O
Konvashon	O	O	O
of	O	O	O
baografa	O	O	O
Carlos	O	O	O
Moore	PER	O	O
.	PER	O	O
kolaboretiv	PER	O	O
jazz/afrobeat	O	O	O
album	O	O	O
Rejoice	O	O	O
by	O	O	O
Tony	O	O	O
Allen	O	O	O
Hugh	PER	O	O
Masekela	PER	O	O
,	PER	O	O
rilis	O	O	O
2020	O	O	O
,	O	O	O
include	DATE	O	O
track	O	O	O
Never	O	O	O
(Lagos	O	O	O
Gonna	O	O	O
Be	O	O	O
the	O	O	O
Same)	O	O	O
,	O	O	O
atribute	O	O	O
to	O	O	O
Kuti	O	O	O
,	O	O	O
wen	PER	O	O
Masekela	PER	O	O
fes	PER	O	O
mit	PER	O	O
1970s	O	O	O
.	O	O	O
song	DATE	O	O
Zombie	O	O	O
apie	O	O	O
vidio	O	O	O
game	O	O	O

Grand	O	O	O
Theft	O	O	O
Auto	O	O	O
IV	O	O	O
,	O	O	O
and	O	O	O
afta	O	O	O
e	O	O	O
death	O	O	O
dey	O	O	O
kom	O	O	O
giv	O	O	O
am	O	O	O
awod	O	O	O
wey	O	O	O
bi	O	O	O
di	O	O	O
Rock	O	O	O
&	O	O	O
Roll	O	O	O
Hall	O	O	O
of	O	O	O
Fame	O	O	O
for	PER	O	O
2021	DATE	O	O
.	DATE	O	O
For	O	O	O
2021	DATE	O	O
,	DATE	O	O
Hulu	ORG	O	O
rilis	ORG	O	O
won	O	O	O
six	O	O	O
episod	O	O	O
dokumentri	O	O	O
taitu	O	O	O
na	O	O	O
McCartney	PER	O	O
3	O	O	O
,	O	O	O
2	O	O	O
,	O	O	O
1	O	O	O
,	O	O	O
sey	PER	O	O
dem	O	O	O
quote	O	O	O
Paul	PER	O	O
visit	O	O	O
tu	O	O	O
see	O	O	O
Fela	PER	O	O
Kuti	PER	O	O

African	LOC	O	O
Shrine	LOC	O	O
,	LOC	O	O
wey	O	O	O
bi	O	O	O
Kuti	PER	O	O
klob	O	O	O
for	O	O	O
outsaid	O	O	O
Lagos	LOC	O	O
,	LOC	O	O
for	LOC	O	O
ehli	O	O	O
1970	DATE	O	O
,	DATE	O	O
e	O	O	O
tok	O	O	O
sey;	O	O	O
Di	O	O	O
musik	O	O	O
surprise	O	O	O
am	O	O	O
mek	O	O	O
krai	O	O	O
.	O	O	O
Sey;	O	O	O
hearing	O	O	O
di	O	O	O

musik	O	O	O
na	O	O	O
won	O	O	O
of	O	O	O
di	O	O	O
gretes	O	O	O
moment	O	O	O
for	O	O	O
e	O	O	O
laif	O	O	O
.	O	O	O
For	O	O	O
1	DATE	O	O
November	DATE	O	O
2021	DATE	O	O
,	DATE	O	O
get	O	O	O
blu	O	O	O
plaque	O	O	O
wey	O	O	O
Nubian	O	O	O
Jak	O	O	O
Community	O	O	O
Trust	O	O	O
opun	O	O	O
12	O	O	O
Stan	O	O	O
lake	O	O	O
Road	O	O	O
,	O	O	O
Shepherd's	O	O	O
Bush	O	O	O
,	O	O	O
der	O	O	O
Kuti	PER	O	O
fes	O	O	O
stey	O	O	O
taim	O	O	O
im	O	O	O
dey	O	O	O
go	O	O	O
Trinity	O	O	O
College	O	O	O
.	O	O	O
Wetin	O	O	O
do	O	O	O
event	O	O	O
konten	O	O	O
tribiut	O	O	O
dohta	O	O	O
bi	O	O	O
Shalewa	PER	O	O
Ransome-	PER	O	O
Kuti	PER	O	O
,	PER	O	O
Debbie	PER	O	O
Golt	PER	O	O
Resonance	ORG	O	O
FM	ORG	O	O
broadcaster	O	O	O
,	O	O	O
bifor	O	O	O
maneja	O	O	O
Rikki	PER	O	O
Stein	PER	O	O
,	PER	O	O
kova	O	O	O
atist	O	O	O
Lemi	PER	O	O
Ghariokwu	PER	O	O
,	PER	O	O
wit	O	O	O
odas	O	O	O
.	O	O	O
2022	DATE	O	O
,	DATE	O	O
kom	O	O	O
put	O	O	O
Black	O	O	O
Music	O	O	O
&	O	O	O
Entertainment	O	O	O
Walk	O	O	O
Fame	O	O	O
.	O	O	O

David	PER	O	O
Adedeji	PER	O	O
Adeleke	PER	O	O
(na	O	O	O
for	O	O	O
November	DATE	O	O
21	DATE	O	O
1992	DATE	O	O
dem	O	O	O
bon	O	O	O
am)	O	O	O
wey	O	O	O
pipul	O	O	O
no	O	O	O
wel	O	O	O
as	O	O	O
Davido	ORG	O	O
na	O	O	O
Naijá-Amerika	O	O	O
singa	O	O	O
,	O	O	O
song	O	O	O
raita	O	O	O
an	O	O	O
rekod	O	O	O
produsa	PER	O	O
.	PER	O	O
Davido	PER	O	O
popula	O	O	O
well	O	O	O
wen	O	O	O
e	O	O	O
rilis	O	O	O
di	O	O	O
muzik	O	O	O
"Dami	O	O	O
Duro"	O	O	O
sekod	O	O	O
wet	O	O	O
dey	O	O	O
fest	O	O	O
albom	O	O	O
"Omo	O	O	O
baba	O	O	O
Olowo"	O	O	O
(2012)	DATE	O	O
.	DATE	O	O
Fat	DATE	O	O
sem	O	O	O
year	O	O	O
2012	DATE	O	O
Headies	ORG	O	O
awod	O	O	O
,	O	O	O
win	O	O	O
Next	O	O	O
Rated	O	O	O
Award	O	O	O
.	O	O	O
Insaid	O	O	O
2013	DATE	O	O
go	O	O	O
rish	O	O	O
2015	DATE	O	O
,	DATE	O	O
plenti	O	O	O
wel	O	O	O
.	O	O	O
For	O	O	O
January	DATE	O	O
2016	DATE	O	O
,	DATE	O	O
sign	O	O	O
diee	O	O	O
wit	O	O	O
Sony	ORG	O	O
Music	ORG	O	O
.	ORG	O	O
Na	O	O	O
fom	O	O	O
lebel	O	O	O
kol	O	O	O
Music	ORG	O	O
Worldwide	ORG	O	O
(DMW)	ORG	O	O
musizishian	O	O	O
laik	O	O	O
Dremo	PER	O	O
,	PER	O	O
Mayorkun	PER	O	O
,	PER	O	O
Peruzzi	PER	O	O
liya	PER	O	O
onda	O	O	O
dis	O	O	O
record	O	O	O
label	O	O	O
.	O	O	O

For	O	O	O
July	DATE	O	O
2016	DATE	O	O
,	DATE	O	O
Davido	O	O	O
sign	O	O	O
anoda	O	O	O
rekod	O	O	O
diee	O	O	O
wit	O	O	O
"Sony's	ORG	O	O
RCA	ORG	O	O
Records"	ORG	O	O
.	ORG	O	O
October	DATE	O	O
rilis	O	O	O
five	O	O	O
trak	O	O	O
Ep	O	O	O
"son	O	O	O
of	O	O	O
mercy"	O	O	O
wey	DATE	O	O
bi	O	O	O
sey	O	O	O
e	O	O	O
sopot	PER	O	O
am	O	O	O
songs	O	O	O
laik	O	O	O
"Gbagbo	O	O	O
Oshi"	O	O	O
,	O	O	O
"How	O	O	O
long"	O	O	O
an	O	O	O
"Coolest	O	O	O
kids	O	O	O
in	O	O	O
Africa"	LOC	O	O
for	O	O	O
April	DATE	O	O
2017	DATE	O	O
,	DATE	O	O
bikos	O	O	O
di	O	O	O
trobul	O	O	O
kreativ	O	O	O
kontrol	O	O	O
said	O	O	O
,	O	O	O
go	O	O	O
bak	O	O	O
tok	O	O	O
abaut	O	O	O
im	O	O	O
kontrat	O	O	O
Sony	ORG	O	O
dat	O	O	O
sem	O	O	O
year	O	O	O
singles	O	O	O
"If"	O	O	O
and	O	O	O
"Fall"	O	O	O
dey	DATE	O	O
amog	ORG	O	O
singu	O	O	O
.	O	O	O
Di	O	O	O
song	O	O	O
kova	O	O	O
worldwide	O	O	O
soshial	O	O	O
media	O	O	O
Hativiti	O	O	O
kom	O	O	O
bikom	O	O	O
Longest	O	O	O
charting	O	O	O
Nigerian	O	O	O
Pop	O	O	O
Billboard	O	O	O
history	O	O	O
.	O	O	O
For	O	O	O
wold	O	O	O
muzic	O	O	O
dem	O	O	O
kol	O	O	O
King	O	O	O
our	O	O	O
taim	O	O	O
Afrobeats	O	O	O
.	O	O	O
November	O	O	O
2019	O	O	O
,	O	O	O
sekod	O	O	O
studio	PER	O	O
albom	PER	O	O
"A	PER	O	O
Good	O	O	O
Time"	O	O	O
Muzik	O	O	O
"Blow	O	O	O
My	O	O	O
Mind"	O	O	O
.	O	O	O
For	O	O	O
insaid	O	O	O
New	O	O	O
African	O	O	O
Magazine	O	O	O
100	ORG	O	O
top	ORG	O	O
strong	ORG	O	O
pipul	DATE	O	O
Afrikans	O	O	O
.	O	O	O
On	O	O	O
Friday	O	O	O
13	O	O	O
2020	O	O	O
,	O	O	O
nomba	PER	O	O
three	PER	O	O
Better	PER	O	O
Time"	O	O	O
.	O	O	O
As	O	O	O
at	O	O	O
August	O	O	O
2021	O	O	O
,	O	O	O
person	O	O	O
folo	PER	O	O
pass	PER	O	O
Afrika	O	O	O
app	O	O	O
Instagram	O	O	O
.	O	O	O

Wetin	O	O	O
dey	O	O	O
hie	O	O	O

Dem	O	O	O
bon	O	O	O
David	PER	O	O
Adedeji	PER	O	O
Adeleke	PER	O	O
for	O	O	O
November	DATE	O	O
21	DATE	O	O
1992	DATE	O	O
inside	O	O	O
Atlanta	LOC	O	O
Georgia	LOC	O	O
wey	O	O	O
dey	O	O	O
Amerika	LOC	O	O
.	LOC	O	O
E	LOC	O	O
papa	O	O	O
na	O	O	O
bizinessman	O	O	O
an	O	O	O
e	O	O	O
mama	O	O	O
Vero	PER	O	O
leshura	O	O	O
Univasiti	O	O	O
.	O	O	O
Na	O	O	O
Davido	PER	O	O
smol	O	O	O
pass	O	O	O
di	O	O	O
five	O	O	O
pikin-dem	O	O	O
bi	O	O	O
sekod	O	O	O
boi	O	O	O
of	O	O	O
papa	O	O	O
.	O	O	O
go	O	O	O
skul	O	O	O
British	ORG	O	O
International	ORG	O	O
School	ORG	O	O
Lagos	LOC	O	O
in	O	O	O
Naijá	LOC	O	O
as	O	O	O
rish	O	O	O
16	O	O	O
years	O	O	O
old	O	O	O
rid	O	O	O
Business	O	O	O
Administration	O	O	O
Oakwood	ORG	O	O
University	ORG	O	O
Alabama	LOC	O	O
.	LOC	O	O

As	O	O	O
Davido	PER	O	O
dey	O	O	O
Oakwood	LOC	O	O
,	LOC	O	O
e	O	O	O
get	O	O	O
muzikal	O	O	O
tins	O	O	O
an	O	O	O
stat	O	O	O
to	O	O	O
mek	O	O	O
beats	O	O	O
wit	O	O	O
kosin	O	O	O
B-Red	PER	O	O
Sina	PER	O	O
Rambo	PER	O	O
wey	O	O	O
dem	O	O	O
kom	O	O	O
fom	O	O	O
dia	O	O	O
muzik	O	O	O
akt	O	O	O
KB	ORG	O	O
International	ORG	O	O
.	ORG	O	O
no	O	O	O
finish	O	O	O
Oakwood	LOC	O	O
University	O	O	O
as	O	O	O
put	O	O	O
all	O	O	O
mind	O	O	O
for	O	O	O
muzik	O	O	O
.	O	O	O
E	O	O	O
go	O	O	O
lif	O	O	O
London	LOC	O	O
na	O	O	O
tek	O	O	O
wok	O	O	O
on	O	O	O
voesi	O	O	O
.	O	O	O
Afta	O	O	O
bak	O	O	O
Naijá	LOC	O	O
2011	DATE	O	O
,	DATE	O	O
stop	O	O	O
smol	O	O	O
karia	O	O	O
skul	O	O	O
im	O	O	O
papa	O	O	O
happi	O	O	O
enta	O	O	O
Babcock	O	O	O
July	DATE	O	O
2015	DATE	O	O
.	DATE	O	O
digree	O	O	O
Muzik	O	O	O
University	O	O	O
.	O	O	O
Later	O	O	O
,	O	O	O
Papa	O	O	O
pay	O	O	O
di	O	O	O
Univasiti	O	O	O
dipatment	O	O	O
niu	O	O	O
class	O	O	O
of	O	O	O
one	O	O	O
student	O	O	O
.	O	O	O

Fom	DATE	O	O
2011	DATE	O	O
go	DATE	O	O
rish	DATE	O	O
2012	DATE	O	O
,	DATE	O	O
Davido	PER	O	O
stat	O	O	O
to	O	O	O
dey	O	O	O
wok	O	O	O
on	O	O	O
im	O	O	O
fest	O	O	O
rekod	O	O	O
"Omo	O	O	O
Baba	O	O	O
Olowo"	O	O	O
.	O	O	O
Di	O	O	O
albom	O	O	O
muzik	O	O	O
na	O	O	O
miss	O	O	O
of	O	O	O
Afrika	O	O	O
beats	O	O	O
an	PER	O	O
hiphop	O	O	O
.	O	O	O
wit	O	O	O
Jay	PER	O	O
Sleek	PER	O	O
,	PER	O	O
Maleek	PER	O	O
berry	PER	O	O
,	PER	O	O
GospelOnDeBeatz	PER	O	O
Spellz	PER	O	O
Dokta	PER	O	O
,	PER	O	O
Franz	PER	O	O
,	PER	O	O
Mr	O	O	O
Chidoo	PER	O	O
,	PER	O	O
Theory	PER	O	O
Soundz	PER	O	O
Shizzi	PER	O	O
produs	O	O	O
di	O	O	O
albom	O	O	O
.	O	O	O
Omo	O	O	O
Olowo	O	O	O
Albom	O	O	O
get	O	O	O
meni	O	O	O
muzishian	O	O	O
laik	O	O	O
Neato-C	PER	O	O
,	PER	O	O
Sina	PER	O	O
Rambo	PER	O	O
,	PER	O	O
B-Red	PER	O	O
,	PER	O	O
Kayswitch	PER	O	O
,	PER	O	O
Ice	PER	O	O
prince	PER	O	O
2	O	O	O
Face	PER	O	O
Baba	PER	O	O
.	PER	O	O
Pipu	PER	O	O
no	O	O	O
too	O	O	O
bikos	O	O	O
wey	O	O	O
tek	O	O	O
rait	O	O	O
Muzik	O	O	O
dem	O	O	O
bot	O	O	O
stil	O	O	O
win	O	O	O
diBest	O	O	O
R&B/Pop	O	O	O
year	O	O	O
.	O	O	O
For	O	O	O
The	ORG	O	O
Headies	ORG	O	O
,	ORG	O	O
amog	O	O	O
year	O	O	O
.	O	O	O
Di	O	O	O
sem	O	O	O
for	O	O	O
best	O	O	O
album	O	O	O
year	O	O	O
2013	DATE	O	O
in	DATE	O	O
Nigeria	O	O	O
Entertainment	O	O	O
Awards	O	O	O
.	O	O	O

Di	O	O	O
trak	O	O	O
wey	O	O	O
Naecto-C	PER	O	O
hep	O	O	O
am	O	O	O
wit	O	O	O
bi	O	O	O
"Back	O	O	O
When"	O	O	O
na	O	O	O
im	O	O	O
di	O	O	O
lidin	O	O	O
singu	O	O	O
for	O	O	O
Albom	O	O	O
May	O	O	O
7	DATE	O	O
,	DATE	O	O
2011	DATE	O	O
.	DATE	O	O
Na	O	O	O
Davido	O	O	O
produs	PER	O	O
an	PER	O	O
pipu	O	O	O
laik	O	O	O
wel	O	O	O
as	O	O	O
redio	O	O	O
stashion	O	O	O
plai	O	O	O
wel	O	O	O
.	O	O	O
tok	O	O	O
Television	O	O	O
channel	O	O	O
Factory	ORG	O	O
78	ORG	O	O
sey	O	O	O
rekod	O	O	O
London	LOC	O	O
.	LOC	O	O
Clarence	PER	O	O
Peters	PER	O	O
daret	PER	O	O
muzik	O	O	O
vidio	O	O	O
dem	O	O	O
put	O	O	O
YouTube	O	O	O
on	O	O	O
9	DATE	O	O
albom	O	O	O
sekod	O	O	O
"Dami	O	O	O
Duro"	O	O	O
rilis	O	O	O
October	DATE	O	O
30	DATE	O	O
,	DATE	O	O
2011	DATE	O	O
Shizzi	PER	O	O
am	O	O	O
.	O	O	O
For	O	O	O
one	O	O	O
intaviwu	O	O	O
post	O	O	O
NotJustOk	ORG	O	O
websait	ORG	O	O
,	ORG	O	O
e	O	O	O
song	O	O	O
August	DATE	O	O
of	DATE	O	O
dat	O	O	O
year	O	O	O
.	O	O	O
liki	O	O	O
three	O	O	O
mont	O	O	O
afta	O	O	O
send	O	O	O
to	O	O	O
frend	O	O	O
.	O	O	O
Oda	O	O	O
sopot	O	O	O
Muzik	O	O	O
January	DATE	O	O
8	DATE	O	O
2012	DATE	O	O
dorin	DATE	O	O
Occupy	O	O	O
Nigeria	LOC	O	O
protests	LOC	O	O
.	LOC	O	O

Di	O	O	O
nomba	O	O	O
three	O	O	O
singu	O	O	O
albom	O	O	O
"Ekuro"	O	O	O
na	O	O	O
for	O	O	O
Miami	LOC	O	O
dem	O	O	O
rekod	O	O	O
an	O	O	O
daret	O	O	O
am	O	O	O
Antwan	PER	O	O
Smith	PER	O	O
du	O	O	O
di	O	O	O
wok	O	O	O
.	O	O	O

Naijá	LOC	O	O
singa	O	O	O
Aramide	PER	O	O
rilis	O	O	O
di	O	O	O
soulful	O	O	O
rendition	O	O	O
of	O	O	O
song	O	O	O
.	O	O	O
The	O	O	O
nomba	O	O	O
four	O	O	O
singu	O	O	O
Albom	O	O	O
"OverSeas"	O	O	O
wey	O	O	O
e	O	O	O
for	O	O	O
May	DATE	O	O
6	DATE	O	O
2012	DATE	O	O
unfinished	O	O	O
version	O	O	O
song	O	O	O
liki	O	O	O
bifor	O	O	O
main	O	O	O
rilis	O	O	O
.	O	O	O
Di	O	O	O
GospelOnDeBeatz	PER	O	O
produs	O	O	O
trak	O	O	O
"All	O	O	O
Of	O	O	O
You"	O	O	O
an	O	O	O
dis	O	O	O
na	O	O	O
five	O	O	O
albom	O	O	O
dem	O	O	O
September	DATE	O	O
28	DATE	O	O
2012	DATE	O	O
.	DATE	O	O
Davido	PER	O	O
tok	O	O	O
Factory	ORG	O	O
78	ORG	O	O
TV	ORG	O	O
sey	O	O	O
rekod	O	O	O
wit	O	O	O
afta	PER	O	O
mit	O	O	O
am	O	O	O
Mall	O	O	O
.	O	O	O

Standalone	O	O	O
,	O	O	O
The	O	O	O
Baddest	O	O	O
an	O	O	O
Son	O	O	O
Mercy	O	O	O
.	O	O	O

On	O	O	O
February	DATE	O	O
25	DATE	O	O
2013	DATE	O	O
,	DATE	O	O
Davido	PER	O	O
rilis	O	O	O
di	O	O	O
shizzi	PER	O	O
produs	O	O	O
trak	O	O	O
"Gobe"	O	O	O
an	O	O	O
dem	O	O	O
rank	O	O	O
am	O	O	O
sekod	O	O	O
for	O	O	O
Premium	ORG	O	O
Times	ORG	O	O
Top	O	O	O
10	O	O	O
songs	O	O	O
2013	DATE	O	O
.	DATE	O	O
For	O	O	O
one	O	O	O
review	O	O	O
insaid	O	O	O
Vanguard	ORG	O	O
Newspaper	ORG	O	O
,	ORG	O	O
Charles	PER	O	O
Mgbolu	PER	O	O
sey	O	O	O
song	O	O	O
"na	O	O	O
fun	O	O	O
fom	O	O	O
stat	O	O	O
to	O	O	O
finish"	O	O	O
.	O	O	O
Di	O	O	O
muzik	O	O	O
vidio	O	O	O
"	O	O	O
Gobe"	O	O	O
na	O	O	O
im	O	O	O
dey	O	O	O
du	O	O	O
South	LOC	O	O
Africa	LOC	O	O
by	O	O	O
Godfather	ORG	O	O
productions	ORG	O	O
.	ORG	O	O
tok	O	O	O
Twitter	ORG	O	O
"One	O	O	O
of	O	O	O
a	O	O	O
kind"	O	O	O
wey	O	O	O
May	DATE	O	O
13	DATE	O	O
bot	O	O	O
Tebza	PER	O	O
productions	ORG	O	O
song	O	O	O
.	O	O	O
Di	O	O	O
bi	O	O	O
laik	O	O	O
wit	O	O	O
plenti	O	O	O
kulture	O	O	O
muzik	O	O	O
.	O	O	O


Skelewu	O	O	O
get	O	O	O
sopot	O	O	O
wit	O	O	O
two	O	O	O
muzik	O	O	O
vidio	O	O	O
.	O	O	O
Sedan	PER	O	O
daret	O	O	O
di	O	O	O
fest	O	O	O
vidio	O	O	O
wey	O	O	O
dem	O	O	O
rilis	O	O	O
for	O	O	O
October	DATE	O	O
15	DATE	O	O
2013	DATE	O	O
.	DATE	O	O
Dem	DATE	O	O
upload	O	O	O
am	O	O	O
put	O	O	O
YouTube	O	O	O
tru	O	O	O
Parody	O	O	O
Account	O	O	O
.	O	O	O
Afta	O	O	O
somtaims	O	O	O
dey	O	O	O
Davido	PER	O	O
tok	O	O	O
sey	O	O	O
sombodi	O	O	O
bitira	O	O	O
as	O	O	O
an	O	O	O
dis	O	O	O
rison	O	O	O
go	O	O	O
do	O	O	O
anoda	O	O	O
Moe	PER	O	O
Musa	PER	O	O
na	O	O	O
UK	LOC	O	O
base	O	O	O
dareto	O	O	O
.	O	O	O
Bikos	O	O	O
of	O	O	O
wetin	O	O	O
tim	O	O	O
sesan	PER	O	O
talk	O	O	O
say	O	O	O
satisfy	O	O	O
with	O	O	O
contributions	O	O	O
to	O	O	O
music	O	O	O
video	O	O	O
.	O	O	O
Sesan	PER	O	O
stil	O	O	O
e	O	O	O
immature	O	O	O
mek	O	O	O
im	O	O	O
manejiment	O	O	O
inakurate	O	O	O
statement	O	O	O
skata	O	O	O
brand	O	O	O
.	O	O	O
Di	O	O	O
main	O	O	O
Vidio	O	O	O
rekod	O	O	O
London	LOC	O	O
by	O	O	O
2013	DATE	O	O
.	DATE	O	O
T-Spize-produs	PER	O	O
song	O	O	O
"Aye"	O	O	O
February	DATE	O	O
1	DATE	O	O
2014	DATE	O	O
.	DATE	O	O
Clarence	PER	O	O
Peter	PER	O	O
7	DATE	O	O
2014	DATE	O	O
For	O	O	O
insaid	O	O	O
plai	O	O	O
poor	O	O	O
fama	O	O	O
love	O	O	O
one	O	O	O
king	O	O	O
pikin	O	O	O
wannabe	O	O	O
waif	O	O	O
.	O	O	O
du	O	O	O
kolabo	O	O	O
South	O	O	O
Afrikan	O	O	O
duo	O	O	O
Mafikizolo	PER	O	O
title	O	O	O
"Tchelete(Good	O	O	O
life)"	O	O	O
April	DATE	O	O
30	DATE	O	O
Na	O	O	O
Oskido	PER	O	O
Shizzi	PER	O	O
produs	O	O	O
while	O	O	O
MTN	ORG	O	O
callertunez	O	O	O
platforms	O	O	O
distribute	O	O	O
am	O	O	O
.	O	O	O
Bifor	O	O	O
rekodin	O	O	O
Tchelete(Good	O	O	O
life)"	O	O	O
.	O	O	O
Network	O	O	O
at	O	O	O
Nigeria	O	O	O
Elite	O	O	O
Night	O	O	O
event	O	O	O
December	DATE	O	O
"Tchelete	O	O	O
(Good	O	O	O
Twenty	ORG	O	O
media	ORG	O	O
record	ORG	O	O
Uhuru	PER	O	O
sho	O	O	O
smol	O	O	O
June	DATE	O	O
2014	DATE	O	O
,	DATE	O	O
Mi	PER	O	O
Case	PER	O	O
,	PER	O	O
Lola	PER	O	O
Rae	PER	O	O
,	PER	O	O
Sarkodie	PER	O	O
,	PER	O	O
Diamond	PER	O	O
Platnumz	PER	O	O
Tiwa	PER	O	O
Savage	PER	O	O
"Africa	O	O	O
Rising"	O	O	O
yuz	O	O	O
DSTV	ORG	O	O
Eponymous	O	O	O
Campaign	O	O	O
Ginger	O	O	O
patek	O	O	O
kommuniti-based	O	O	O
social	O	O	O
investment	O	O	O
projects	O	O	O
.	O	O	O
folorin	O	O	O
Africa	O	O	O
Rising	O	O	O
"	O	O	O
south	O	O	O
African	O	O	O
production	O	O	O
house	O	O	O
callback	O	O	O
Dreams	ORG	O	O
and	O	O	O
direct	O	O	O
artist	O	O	O
performed	O	O	O
fodi	O	O	O
launch	O	O	O
ceremony	O	O	O
Mauritius	LOC	O	O
2015	DATE	O	O
Meek	PER	O	O
Mill	PER	O	O
assisted	O	O	O
trap	O	O	O
song"Fans	O	O	O
Mi"	O	O	O
E	O	O	O
yeye	O	O	O
fans	O	O	O
audio	O	O	O
behind	O	O	O
scene	O	O	O
fotogirafa	O	O	O
bifor	O	O	O

Davido	PER	O	O
20	O	O	O
trak	O	O	O
albom	O	O	O
di	O	O	O
Baddest	O	O	O
na	O	O	O
June	DATE	O	O
2015	DATE	O	O
e	O	O	O
plan	O	O	O
to	O	O	O
rilis	O	O	O
am	O	O	O
bot	O	O	O
leta	O	O	O
for	O	O	O
October	DATE	O	O
10	DATE	O	O
dat	O	O	O
sem	DATE	O	O
year	DATE	O	O
.	DATE	O	O
Two	DATE	O	O
days	DATE	O	O
bifor	DATE	O	O
date	DATE	O	O
dem	O	O	O
delay	O	O	O
bikos	O	O	O
of	O	O	O
korporation	O	O	O
interest	O	O	O
distribution	O	O	O
no	O	O	O
get	O	O	O
nem	O	O	O
.	O	O	O
don	O	O	O
album	O	O	O
kova	O	O	O
akt	O	O	O
an	O	O	O
trackway	O	O	O
tok	O	O	O
earlier	O	O	O
year	O	O	O
feature	O	O	O
production	O	O	O
fom	O	O	O
Shizzi	PER	O	O
,	PER	O	O
DelB	PER	O	O
,	PER	O	O
Spellz	PER	O	O
,	PER	O	O
Jfem	PER	O	O
,	PER	O	O
P	O	O	O
square	PER	O	O
,	PER	O	O
Don	PER	O	O
jazzy	PER	O	O
,	PER	O	O
Runtown	PER	O	O
,	PER	O	O
Uhuru	PER	O	O
,	PER	O	O
DJ	PER	O	O
Buckz	PER	O	O
,	PER	O	O
Akin	PER	O	O
,	PER	O	O
Meek	PER	O	O
mill	PER	O	O
,	PER	O	O
Wale	PER	O	O
TreySongz	PER	O	O
.	PER	O	O
For	O	O	O
January	DATE	O	O
2016	DATE	O	O
,	DATE	O	O
announce	O	O	O
Twitter	O	O	O
say	O	O	O
E	O	O	O
sign	O	O	O
record	O	O	O
deal	O	O	O
with	O	O	O
Sony	ORG	O	O
music	ORG	O	O
announcement	O	O	O
go	O	O	O
mixed	O	O	O
reaction	O	O	O
label	O	O	O
make	O	O	O
press	O	O	O
release	O	O	O
pipu	O	O	O
know	O	O	O
im	O	O	O
need	O	O	O
two	O	O	O
albums	O	O	O
and	O	O	O
allow	O	O	O
retain	O	O	O
right	O	O	O
performance	O	O	O
wey	O	O	O
be	O	O	O
Music	ORG	O	O
Worldwide	ORG	O	O
(DMW)	ORG	O	O
create	O	O	O
few	O	O	O
months	O	O	O
after	O	O	O
Sony	ORG	O	O
.	ORG	O	O
Dremo	PER	O	O
,	PER	O	O
Mayorkun	PER	O	O
,	PER	O	O
yonda	PER	O	O
Peruzzi	PER	O	O
currently	O	O	O
under	O	O	O
label	O	O	O
.	O	O	O
July	DATE	O	O
2016	DATE	O	O
RCA	ORG	O	O
records	ORG	O	O
.	ORG	O	O
Davido	ORG	O	O
affect	O	O	O
plans	O	O	O
The	O	O	O
according	O	O	O
pulse	ORG	O	O
Nigeria	ORG	O	O
.	ORG	O	O
agreement	O	O	O
must	O	O	O
meet	O	O	O
international	O	O	O
standard	O	O	O
global	O	O	O
distribution	O	O	O
.	O	O	O
5	O	O	O
track	O	O	O
"EP	O	O	O
son	O	O	O
mercy"	O	O	O
support	O	O	O
from	O	O	O
singles	O	O	O
"Gbagbe	O	O	O
Oshi"	O	O	O
"How	O	O	O
long"	O	O	O
"Coolest	O	O	O
kid	O	O	O
in	O	O	O
Africa"	O	O	O
.	O	O	O
EP	O	O	O
musicians	O	O	O
like	O	O	O
Simi	PER	O	O
,	PER	O	O
Tinashe	PER	O	O
,	PER	O	O
Nacty	PER	O	O
C	PER	O	O

For	O	O	O
2017	DATE	O	O
to	O	O	O
2018	DATE	O	O
"If"	O	O	O
,	O	O	O
"Fall"	O	O	O
,	O	O	O
"	O	O	O
Fia"	O	O	O
,	O	O	O
and	O	O	O
"Assurance"	O	O	O
Davido	PER	O	O
win	O	O	O
Best	O	O	O
African	O	O	O
Act	O	O	O
for	O	O	O
MOBO	ORG	O	O
Award	O	O	O
.	O	O	O
E	O	O	O
release	O	O	O
"If"	O	O	O
February	DATE	O	O
17	DATE	O	O
na	O	O	O
tekno	PER	O	O
produce	O	O	O
am	O	O	O
may	O	O	O
while	O	O	O
ghost	O	O	O
write	O	O	O
di	O	O	O
track	O	O	O
Davido	PER	O	O
.	PER	O	O
Di	O	O	O
song	O	O	O
certified	O	O	O
diamond	O	O	O
recording	O	O	O
industry	O	O	O
of	O	O	O
south	LOC	O	O
Africa	LOC	O	O
shop	O	O	O
shipment	O	O	O
200000	O	O	O
units	O	O	O
.	O	O	O
pop	O	O	O
single	O	O	O
year	O	O	O
The	O	O	O
Headies	ORG	O	O
2018	DATE	O	O
.	DATE	O	O
As	O	O	O
dem	O	O	O
review	O	O	O
OkayAfrica	O	O	O
Sabo	O	O	O
kpada	O	O	O
describe	O	O	O
as	O	O	O
"slow	O	O	O
burner"	O	O	O
with	O	O	O
"unfussy	O	O	O
beat	O	O	O
wey	O	O	O
sound	O	O	O
hollow	O	O	O
out	O	O	O
no	O	O	O
clutter	O	O	O
instrument"	O	O	O
music	O	O	O
video	O	O	O
London	LOC	O	O
Director	PER	O	O
Q	PER	O	O
do	O	O	O
directing	O	O	O
Tunde	PER	O	O
Babalola	PER	O	O
am	O	O	O
.	O	O	O
team	O	O	O
up	O	O	O
menswear	O	O	O
designer	O	O	O
Orange	ORG	O	O
culture	ORG	O	O
Capsule	O	O	O
collection	O	O	O
Ginger	O	O	O
by	O	O	O

Davido	PER	O	O
release	O	O	O
"Fall"for	O	O	O
June	DATE	O	O
Africa	LOC	O	O
e	O	O	O
sample	O	O	O
one	O	O	O
line	O	O	O
from	O	O	O
kojo	PER	O	O
funds	PER	O	O
track	O	O	O
"Dun	O	O	O
Talking""Fall"	O	O	O
na	O	O	O
platinum	O	O	O
certified	O	O	O
wey	O	O	O
be	O	O	O
recording	O	O	O
industry	O	O	O
of	O	O	O
south	LOC	O	O
dem	O	O	O
di	O	O	O
top100	O	O	O
most	O	O	O
Shazam	ORG	O	O
searched	O	O	O
singles	O	O	O
in	O	O	O
America	O	O	O
January	DATE	O	O
2019	DATE	O	O
and	O	O	O
dey	O	O	O
for	O	O	O
10top	O	O	O
record	O	O	O
New	LOC	O	O
York	LOC	O	O
.	LOC	O	O
For	LOC	O	O
February	DATE	O	O
become	O	O	O
longest	O	O	O

Charting	O	O	O
Nigerian	O	O	O
pop	O	O	O
song	O	O	O
for	O	O	O
Billboard	O	O	O
history	O	O	O
.	O	O	O
Fall"	O	O	O
dem	O	O	O
rate	O	O	O
am	O	O	O
as	O	O	O
163	O	O	O
Pitchfork	O	O	O
list	O	O	O
di	O	O	O
200	O	O	O
Best	O	O	O
songs	O	O	O
of	O	O	O
year	O	O	O
2010	O	O	O
.	O	O	O
Di	O	O	O
accompany	O	O	O
music	O	O	O
video	O	O	O
"Fall"	O	O	O
na	O	O	O
one	O	O	O
born-	O	O	O
British	O	O	O
Director	O	O	O
Daps	PER	O	O
direct	O	O	O
video	O	O	O
.	O	O	O
For	O	O	O
December	DATE	O	O
2018di	DATE	O	O
get	O	O	O
more	O	O	O
dan	O	O	O
100	O	O	O
million	O	O	O
viewers	O	O	O
wey	O	O	O
make	O	O	O
be	O	O	O
most	O	O	O
viewed	O	O	O
artist	O	O	O
YouTube	O	O	O
.	O	O	O

Davido	PER	O	O
release	O	O	O
"Fia"for	O	O	O
November	DATE	O	O
10	DATE	O	O
2017	DATE	O	O
.	DATE	O	O
The	DATE	O	O
song	O	O	O
describe	O	O	O
neon	O	O	O
highlife	O	O	O
track	O	O	O
and	O	O	O
na	O	O	O
fresh	O	O	O
VDM	O	O	O
produce	O	O	O
am	O	O	O
.	O	O	O
For	O	O	O
do	O	O	O
second	O	O	O
verse	O	O	O
address	O	O	O
Im	O	O	O
arrest	O	O	O
role	O	O	O
Caroline	PER	O	O
danjuma	PER	O	O
play	O	O	O
fueling	O	O	O
di	O	O	O
rumors	O	O	O
say	O	O	O
e	O	O	O
dey	O	O	O
involve	O	O	O
for	O	O	O
death	O	O	O
of	O	O	O
Tagbo	PER	O	O
Umenike	PER	O	O
Onemanager	O	O	O
native	O	O	O
manager	O	O	O
praise	O	O	O
songwriting	O	O	O
songs	O	O	O
reflect	O	O	O
some	O	O	O
im	O	O	O
recent	O	O	O
struggle	O	O	O
but	O	O	O
put	O	O	O
am	O	O	O
in	O	O	O
a	O	O	O
way	O	O	O
wey	O	O	O
be	O	O	O
sensitive	O	O	O
details	O	O	O
no	O	O	O
go	O	O	O
come	O	O	O
out	O	O	O
direct	O	O	O
.	O	O	O
One	O	O	O
review	O	O	O
music	O	O	O
Africa	O	O	O
kayode	PER	O	O
faniyi	PER	O	O
"	O	O	O
Fia"	O	O	O
give	O	O	O
"existential	O	O	O
conflict"	O	O	O
say"undoubtedly	O	O	O
career	O	O	O
at	O	O	O
least	O	O	O
till	O	O	O
outdoes	O	O	O
imself"	O	O	O
.	O	O	O
Daniel	PER	O	O
Orubo	PER	O	O
konbini	O	O	O
channels	O	O	O
"Fia"	O	O	O
as	O	O	O
"Coherent"	O	O	O
use	O	O	O
"Croaky	O	O	O
voice""	O	O	O
among	O	O	O
dem	O	O	O
nominate	O	O	O
Best	O	O	O
pop	O	O	O
single	O	O	O
year	O	O	O
The	ORG	O	O
Headies	ORG	O	O
2018	DATE	O	O
.	DATE	O	O
Di	O	O	O
video	O	O	O
follow	O	O	O
Clarence	PER	O	O
peter	PER	O	O
direct	O	O	O
assist	O	O	O
remix	O	O	O
stefflon	PER	O	O
Don't	PER	O	O
March	DATE	O	O
30	DATE	O	O
Dis	O	O	O
carry	O	O	O
many	O	O	O
lyrics	O	O	O
from	O	O	O
original	O	O	O
recording	O	O	O
incorporate	O	O	O
patois	O	O	O
tinged	O	O	O
flow	O	O	O
.	O	O	O
win	O	O	O
Act	O	O	O
one	O	O	O
Worldwide	O	O	O
recipient	O	O	O
2017	DATE	O	O
MTV	ORG	O	O
Europe	ORG	O	O
Awards	O	O	O
.	O	O	O

Davido	PER	O	O
release	O	O	O
"Assurance"	O	O	O
April	DATE	O	O
30	DATE	O	O
2018	DATE	O	O
.	O	O	O
E	O	O	O
dedicate	O	O	O
di	O	O	O
track	O	O	O
to	O	O	O
im	O	O	O
girlfriend	O	O	O
and	O	O	O
song	O	O	O
for	O	O	O
girl	O	O	O
23rd	O	O	O
birthday	O	O	O
.	O	O	O

Reviewing	O	O	O
di	O	O	O
native	O	O	O
magazine	O	O	O
Toys	PER	O	O
Sokunbi	PER	O	O
say	O	O	O
song	O	O	O
talk	O	O	O
plenty	O	O	O
but	O	O	O
for	O	O	O
importance	O	O	O
of	O	O	O
clarity	O	O	O
age	O	O	O
emojis	O	O	O
,	O	O	O
validation	O	O	O
from	O	O	O
ourlove	O	O	O
ones	O	O	O
and	O	O	O
put	O	O	O
love	O	O	O
first	O	O	O
against	O	O	O
all	O	O	O
odds	O	O	O
.	O	O	O
Davido	PER	O	O
win	O	O	O
Best	O	O	O
international	O	O	O
Act	O	O	O
2018	O	O	O
BET	ORG	O	O
Award	O	O	O
wey	O	O	O
make	O	O	O
am	O	O	O
African	O	O	O
artist	O	O	O
to	O	O	O
collect	O	O	O
main	O	O	O
stage	O	O	O
acceptance	O	O	O
speech	O	O	O
e	O	O	O
advice	O	O	O
dem	O	O	O
visit	O	O	O
Africa	O	O	O
eat	O	O	O
food	O	O	O
.	O	O	O

For	O	O	O
September	DATE	O	O
2018	DATE	O	O
Davido	PER	O	O
sing	O	O	O
with	O	O	O
Meek	PER	O	O
mill	PER	O	O
,	PER	O	O
post	ORG	O	O
Malone	PER	O	O
and	O	O	O
Fat	PER	O	O
joe	PER	O	O
,	PER	O	O
for	O	O	O
di	O	O	O
made	O	O	O
in	O	O	O
American	O	O	O
Festival	O	O	O
.	O	O	O
Before	O	O	O
Festival	O	O	O
go	O	O	O
House	O	O	O
of	O	O	O
Blues	O	O	O
Boston	LOC	O	O
as	O	O	O
part	O	O	O
im	O	O	O
"The	O	O	O
locked	O	O	O
up	O	O	O
Tour"	O	O	O
wey	O	O	O
e	O	O	O
continue	O	O	O
August	DATE	O	O
end	O	O	O
am	O	O	O
September	DATE	O	O
.	DATE	O	O
Dat	DATE	O	O
same	O	O	O
month	O	O	O
face	O	O	O
accusations	O	O	O
be	O	O	O
say	O	O	O
member	O	O	O
Black	ORG	O	O
Axe	ORG	O	O
confraternity	ORG	O	O
or	O	O	O
Aye	ORG	O	O
cult	ORG	O	O
Group	ORG	O	O
making	O	O	O
gang	O	O	O
gestures	O	O	O
music	O	O	O
personal	O	O	O
video	O	O	O
.	O	O	O
5	DATE	O	O
Daily	ORG	O	O
report	O	O	O
person	O	O	O
Nigeria	LOC	O	O
police	O	O	O
catch	O	O	O
confess	O	O	O
join	O	O	O
because	O	O	O
dem	O	O	O
tell	O	O	O
if	O	O	O
meet	O	O	O
star	O	O	O
Davido	PER	O	O
.	PER	O	O
On	O	O	O
15	DATE	O	O
chart	O	O	O
vanguard	ORG	O	O
country	O	O	O
manager	O	O	O
ASA	PER	O	O
Asika	PER	O	O
deny	O	O	O
no	O	O	O
know	O	O	O
whether	O	O	O
dey	O	O	O
any	O	O	O
secret	O	O	O
group	O	O	O
.	O	O	O
10	DATE	O	O
2019	DATE	O	O
information	O	O	O
make	O	O	O
trouble	O	O	O
share	O	O	O
video	O	O	O
Im	O	O	O
insta-story	O	O	O
to	O	O	O
reassure	O	O	O
group	ORG	O	O
loyal	O	O	O
o!	O	O	O

For	O	O	O
2019=Present:	DATE	O	O
02	O	O	O
Arena	O	O	O
Concert	O	O	O
"Blow	O	O	O
MY	O	O	O
MIND""	O	O	O
RISKY"	O	O	O
"A	O	O	O
GOOD	O	O	O
TIME"	O	O	O
and	O	O	O
Better	O	O	O
Time"	O	O	O
.	O	O	O
For	O	O	O
January	DATE	O	O
2019	DATE	O	O
Davido	PER	O	O
sell	O	O	O
all	O	O	O
the	O	O	O
for	O	O	O
London	LOC	O	O
wey	O	O	O
come	O	O	O
become	O	O	O
do	O	O	O
first	O	O	O
solo	O	O	O
African	O	O	O
artist	O	O	O
to	O	O	O
am	O	O	O
after	O	O	O
wizkid	PER	O	O
headline	O	O	O
concert	O	O	O
2018	DATE	O	O
.	DATE	O	O
Idris	DATE	O	O
Elba	PER	O	O
introduce	O	O	O
stage	O	O	O
perform	O	O	O
many	O	O	O
of	O	O	O
im	O	O	O
hit	O	O	O
singles	O	O	O
di	O	O	O
life	O	O	O
band	O	O	O
The	PER	O	O
Compozer	PER	O	O
back	O	O	O
up	O	O	O
.	O	O	O
Caroline	PER	O	O
Sullivan	PER	O	O
Guardian	ORG	O	O
give	O	O	O
four	O	O	O
star	O	O	O
out	O	O	O
five	O	O	O
dey	O	O	O
call	O	O	O
"	O	O	O
alpha"and	O	O	O
say	O	O	O
"many	O	O	O
behavior	O	O	O
dis	O	O	O
play	O	O	O
e	O	O	O
learn	O	O	O
from	O	O	O
American	O	O	O
rappers	O	O	O
some	O	O	O
dem	O	O	O
don	O	O	O
work	O	O	O
with	O	O	O
E	O	O	O
.	O	O	O
g:	O	O	O
Young	PER	O	O
Thug	PER	O	O
Swea	PER	O	O
Lee	PER	O	O
.	PER	O	O

Di	O	O	O
Chris	PER	O	O
Brown	PER	O	O
assist	O	O	O
track	O	O	O
"	O	O	O
Blow	O	O	O
My	O	O	O
Mind"	O	O	O
e	O	O	O
release	O	O	O
am	O	O	O
for	O	O	O
July	DATE	O	O
26	DATE	O	O
2019	DATE	O	O
and	O	O	O
Shizzi	PER	O	O
produce	O	O	O
"Blow	O	O	O
na	O	O	O
im	O	O	O
dem	O	O	O
be	O	O	O
wan	O	O	O
as	O	O	O
di	O	O	O
leading	O	O	O
single	O	O	O
album	O	O	O
.	O	O	O
my	O	O	O
mind"	O	O	O
carry	O	O	O
lyrics	O	O	O
wey	O	O	O
talk	O	O	O
of	O	O	O
one	O	O	O
sweet	O	O	O
girl	O	O	O
dey	O	O	O
bounce	O	O	O
Davido	PER	O	O
dada!	O	O	O

For	O	O	O
di	O	O	O
Edgar	ORG	O	O
Esteves	ORG	O	O
direct	O	O	O
visuals	O	O	O
for	O	O	O
"Blow	O	O	O
My	O	O	O
mind"	O	O	O
Davido	PER	O	O
and	O	O	O
Chris	PER	O	O
Brown	PER	O	O
spend	O	O	O
good	O	O	O
time	O	O	O
motel	O	O	O
with	O	O	O
deir	O	O	O
lovers	O	O	O
.	O	O	O
Di	O	O	O
video	O	O	O
catch	O	O	O
one	O	O	O
million	O	O	O
views	O	O	O
11hours	DATE	O	O
did	O	O	O
wan	O	O	O
pass	O	O	O
wizkid	PER	O	O
Fever	O	O	O
come	O	O	O
closer	O	O	O
wey	O	O	O
make	O	O	O
am	O	O	O
become	O	O	O
Nigeria	LOC	O	O
music	O	O	O
achieve	O	O	O
most	O	O	O
quickly	O	O	O
.	O	O	O
E	O	O	O
still	O	O	O
be	O	O	O
to	O	O	O
gain	O	O	O
only	O	O	O
24hours	DATE	O	O
dem	O	O	O
release	O	O	O
album	O	O	O
.	O	O	O
October	DATE	O	O
23	DATE	O	O
2019	DATE	O	O
e	O	O	O
"Risky"	O	O	O
feature	O	O	O
guest	O	O	O
vocals	O	O	O
from	O	O	O
Jamaican	O	O	O
singer	O	O	O
Popcaan	PER	O	O
tell	O	O	O
show	O	O	O
im	O	O	O
2018	DATE	O	O
single	O	O	O
"Dun	O	O	O
Rich"	O	O	O
Di	O	O	O
na	O	O	O
meji	O	O	O
Alabi	PER	O	O
pay	O	O	O
homage	O	O	O
crime	O	O	O
drama	O	O	O
Television	O	O	O
series	O	O	O
TopBoy	O	O	O
.	O	O	O
For	O	O	O
female	O	O	O
member	O	O	O
of	O	O	O
crew	O	O	O
inform	O	O	O
upon	O	O	O
police	O	O	O
.	O	O	O

"A	O	O	O
Good	O	O	O
Time"	O	O	O
wey	O	O	O
be	O	O	O
Davido	PER	O	O
second	O	O	O
studio	O	O	O
albums	O	O	O
e	O	O	O
release	O	O	O
am	O	O	O
for	O	O	O
November	DATE	O	O
22	DATE	O	O
2019	DATE	O	O
.	DATE	O	O
Di	O	O	O
album	O	O	O
features	O	O	O
di	O	O	O
before	O	O	O
single	O	O	O
like	O	O	O
"If"	O	O	O
"Fall"	O	O	O
"Assurance"	O	O	O
"Blow	O	O	O
My	O	O	O
Mind"	O	O	O
and	O	O	O
"Risky"	O	O	O
.	O	O	O
record	O	O	O
A	O	O	O
Time	O	O	O
Atlanta	LOC	O	O
.	LOC	O	O
E	O	O	O
tell	O	O	O
Vibe	O	O	O
magazine	O	O	O
go	O	O	O
new	O	O	O
environment	O	O	O
.	O	O	O
describe	O	O	O
do	O	O	O
as	O	O	O
body	O	O	O
of	O	O	O
work	O	O	O
everybody	O	O	O
say	O	O	O
get	O	O	O
mouth	O	O	O
afrobeats	O	O	O
years	O	O	O
but	O	O	O
incorporate	O	O	O
elements	O	O	O
oder	O	O	O
genres	PER	O	O
.	PER	O	O
Davido	PER	O	O
pipu	O	O	O
title	O	O	O
during	O	O	O
wan	O	O	O
event	O	O	O
Lagos	LOC	O	O
September	DATE	O	O
2019	DATE	O	O
following	O	O	O
month	O	O	O
.	O	O	O
again	O	O	O
open	O	O	O
excerpts	O	O	O
four	O	O	O
songs	O	O	O
from	O	O	O
As	O	O	O
dey	O	O	O
perform	O	O	O
power	O	O	O
house	O	O	O
talk	O	O	O
with	O	O	O
Power105	O	O	O
.	O	O	O
1	O	O	O
DJ	O	O	O
seif	O	O	O
feature	O	O	O
collaboration	O	O	O
artists	O	O	O
include	O	O	O
Summer	PER	O	O
Walker	PER	O	O
,	PER	O	O
Gunna	PER	O	O
,	PER	O	O
Boogie	PER	O	O
Chris	PER	O	O
Brown	PER	O	O
.	PER	O	O
One	O	O	O
track	O	O	O
na	O	O	O
platformproducer	O	O	O
cover	O	O	O
art	O	O	O
papa	O	O	O
picture	O	O	O
im	O	O	O
mama	O	O	O
.	O	O	O
currently	O	O	O
most	O	O	O
streams	O	O	O
African	O	O	O
all	O	O	O
time	O	O	O
.	O	O	O
For	O	O	O
streaming	O	O	O
platform	O	O	O
first	O	O	O
to	O	O	O
cross	O	O	O
one	O	O	O
billion	O	O	O
streams	O	O	O
.	O	O	O

For	O	O	O
May2020	DATE	O	O
Davido	PER	O	O
announce	O	O	O
im	O	O	O
third	O	O	O
studio	O	O	O
album	O	O	O
wey	O	O	O
e	O	O	O
title	O	O	O
A	O	O	O
Better	O	O	O
Time	O	O	O
and	O	O	O
include	O	O	O
11tracks	O	O	O
go	O	O	O
feature	O	O	O
musicians	O	O	O
like	O	O	O
Nicki	PER	O	O
Minaj	PER	O	O
Tiwa	PER	O	O
Savage	PER	O	O
.	PER	O	O
July	DATE	O	O
perform	O	O	O
for	O	O	O
Tonight	O	O	O
show	O	O	O
starring	O	O	O
Jimmy	PER	O	O
Fallon	PER	O	O
pipu	O	O	O
see	O	O	O
am	O	O	O
with	O	O	O
one	O	O	O
rapper	O	O	O
Nas	PER	O	O
.	PER	O	O
August	DATE	O	O
31	DATE	O	O
2020	DATE	O	O
.	DATE	O	O
Davido	DATE	O	O
back	O	O	O
to	O	O	O
social	O	O	O
media	O	O	O
after	O	O	O
take	O	O	O
three	O	O	O
months	O	O	O
break	O	O	O
make	O	O	O
chat	O	O	O
di	O	O	O
Grammy	O	O	O
museum	O	O	O
Instagram	O	O	O
live	O	O	O
about	O	O	O
rise	O	O	O
of	O	O	O
Afrobeats	O	O	O
oder	O	O	O
issues	O	O	O
concern	O	O	O
industry	O	O	O
.	O	O	O
During	O	O	O
session	O	O	O
talk	O	O	O
say	O	O	O
don	O	O	O
finish	O	O	O
work	O	O	O
Time	O	O	O
.	O	O	O
10	DATE	O	O
September	DATE	O	O
2020	DATE	O	O
return	O	O	O
single	O	O	O
FEM"	O	O	O
music	O	O	O
video	O	O	O
Dammy	PER	O	O
Twitch	PER	O	O
produce	O	O	O
.	O	O	O
FEM	O	O	O
hit	O	O	O
1	O	O	O
.	O	O	O
8	O	O	O
million	O	O	O
YouTube	O	O	O
view	O	O	O
forless	O	O	O
dan	O	O	O
24hours	O	O	O
own	O	O	O
record	O	O	O
d	O	O	O
fastest	O	O	O
Nigeria	LOC	O	O
1million	O	O	O
views	O	O	O
dey	O	O	O
top	O	O	O
before	O	O	O
na	O	O	O
still	O	O	O
song	O	O	O
Blow	O	O	O
My	O	O	O
Mind	O	O	O
Chris	PER	O	O
Brown	PER	O	O
Na	O	O	O
be	O	O	O
number	O	O	O
turntable	O	O	O
50	O	O	O
chart	O	O	O
second	O	O	O
week	O	O	O
eligibility	O	O	O
dethroning	O	O	O
WizKids	PER	O	O
Ginger	O	O	O
.	O	O	O
Di	O	O	O
dem	O	O	O
release	O	O	O
13	DATE	O	O
November	DATE	O	O
2020	DATE	O	O
.	DATE	O	O
Lil	PER	O	O
Baby	PER	O	O
,	PER	O	O
Minaj	PER	O	O
,	PER	O	O
Nas	PER	O	O
,	PER	O	O
Young	PER	O	O
Thug	PER	O	O
among	O	O	O
oders	O	O	O
.	O	O	O
December	DATE	O	O
14	DATE	O	O
3rd	O	O	O
Bitter	O	O	O
achieve	O	O	O
over	O	O	O
213	O	O	O
.	O	O	O
2	O	O	O
streams	O	O	O
month	O	O	O

For	O	O	O
April	DATE	O	O
6	DATE	O	O
2012	DATE	O	O
Nigerian	O	O	O
Entertainment	ORG	O	O
Today	ORG	O	O
report	O	O	O
say	O	O	O
Davido	PER	O	O
don	O	O	O
sign	O	O	O
30	O	O	O
million	O	O	O
Naira	O	O	O
endorsement	O	O	O
deal	O	O	O
with	O	O	O
MTN	ORG	O	O
.	ORG	O	O
Di	O	O	O
include	O	O	O
go	PER	O	O
be	O	O	O
Face	O	O	O
of	O	O	O
MTN	ORG	O	O
pulse	O	O	O
and	PER	O	O
di	O	O	O
marketing	O	O	O
campaign	O	O	O
dey	O	O	O
aim	O	O	O
at	O	O	O
youth	O	O	O
.	O	O	O
October	DATE	O	O
24th	DATE	O	O
2013	DATE	O	O
Pulse	ORG	O	O
Nigeria	ORG	O	O
Guinness	O	O	O
Nigerial	ORG	O	O
part	O	O	O
na	O	O	O
perform	O	O	O
for	O	O	O
World	O	O	O
more	O	O	O
concert	O	O	O
artist	O	O	O
like	O	O	O
P	PER	O	O
.	PER	O	O
square	PER	O	O
,	PER	O	O
D'banj	PER	O	O
,	PER	O	O
WizKids	PER	O	O
,	PER	O	O
Ice	PER	O	O
Prince	PER	O	O
,	PER	O	O
Burna	PER	O	O
Boy	PER	O	O
,	PER	O	O
Olamide	PER	O	O
,	PER	O	O
Phyno	PER	O	O
,	PER	O	O
Chidima	PER	O	O
,	PER	O	O
Waje	PER	O	O
Tiwa	PER	O	O
Savage	PER	O	O
.	PER	O	O

For	O	O	O
May	DATE	O	O
9	DATE	O	O
2018	DATE	O	O
Guardian	ORG	O	O
Life	ORG	O	O
report	O	O	O
say	O	O	O
Davido	PER	O	O
don	O	O	O
sign	O	O	O
endorsement	O	O	O
deal	O	O	O
with	O	O	O
Infinix	ORG	O	O
Mobile	ORG	O	O
wey	O	O	O
be	O	O	O
na	O	O	O
Hong	LOC	O	O
Kong	LOC	O	O
dem	O	O	O
manufacture	O	O	O
di	O	O	O
smartphones	O	O	O
.	O	O	O
2021	DATE	O	O
News	O	O	O
carry	O	O	O
now	O	O	O
brand	O	O	O
ambassador	O	O	O
of	O	O	O
popular	O	O	O
sports	O	O	O
betting	O	O	O
Brand	O	O	O
1×Bets	ORG	O	O
.	ORG	O	O
June	DATE	O	O
11	DATE	O	O
Martell(cognac)	ORG	O	O
talk	O	O	O
im	O	O	O
new	O	O	O
ambassador	O	O	O
.	O	O	O

Davido	PER	O	O
get	O	O	O
three	O	O	O
children	O	O	O
.	O	O	O
E	O	O	O
engage	O	O	O
chioma	PER	O	O
di	O	O	O
mother	O	O	O
of	O	O	O
im	O	O	O
third	O	O	O
pikin	O	O	O
.	O	O	O

A	O	O	O
Good	O	O	O
Time	O	O	O
North	O	O	O
American	O	O	O
Tour	O	O	O
(2019-2020)	DATE	O	O

Gbadamosi	PER	O	O
Adegoke	PER	O	O
Adelabu	PER	O	O
(dem	O	O	O
bon	O	O	O
am	O	O	O
for	O	O	O
September	DATE	O	O
3	DATE	O	O
,	DATE	O	O
1915	DATE	O	O
an	O	O	O
e	O	O	O
kpai	O	O	O
March	DATE	O	O
25	DATE	O	O
,	DATE	O	O
1958)	DATE	O	O
na	O	O	O
Naija	LOC	O	O
politishian	O	O	O
wey	O	O	O
kom	O	O	O
fom	O	O	O
Ibadan	LOC	O	O
put	O	O	O
hand	O	O	O
Politis	O	O	O
bifor	O	O	O
get	O	O	O
fredom	O	O	O
(Indipendense)	O	O	O
Inglish	O	O	O
pipul	O	O	O
in	O	O	O
1960	DATE	O	O
.	DATE	O	O
Ibadan	DATE	O	O
one	O	O	O
big	O	O	O
siti	O	O	O
Westan	O	O	O
rijion	O	O	O
of	O	O	O
Naija	LOC	O	O
.	LOC	O	O
From	O	O	O
1955	DATE	O	O
go	O	O	O
rish	O	O	O
1956	DATE	O	O
,	DATE	O	O
bi	O	O	O
di	O	O	O
oga	O	O	O
kpata-kpata	O	O	O
Natural	ORG	O	O
Resources	ORG	O	O
and	ORG	O	O
Social	ORG	O	O
Services	ORG	O	O
.	ORG	O	O
E	ORG	O	O
stil	O	O	O
no	O	O	O
dey	O	O	O
sopot	O	O	O
Western	ORG	O	O
Regional	ORG	O	O
Assembly	ORG	O	O
ontil	O	O	O
dai	O	O	O
1958	DATE	O	O
.	DATE	O	O
Adegoke	DATE	O	O
famili	O	O	O
too	O	O	O
moni	O	O	O
.	O	O	O
Na	O	O	O
wok	O	O	O
by	O	O	O
imsef	O	O	O
to	O	O	O
moni	O	O	O
bikom	O	O	O
pesin	O	O	O
Naijs	O	O	O
politis	O	O	O
mata	O	O	O
.	O	O	O
Na	O	O	O
Gofment	O	O	O
Kolej	O	O	O
tek	O	O	O
skul	O	O	O
biznesman	PER	O	O
.	PER	O	O
Adegoke	PER	O	O
mek	O	O	O
mata	O	O	O
if	O	O	O
sey	O	O	O
moto	O	O	O
asident	O	O	O
tey	O	O	O
indipendense	O	O	O
bifo	O	O	O
so	O	O	O
.	O	O	O
rili	O	O	O
biliv	O	O	O
we	O	O	O
du	O	O	O
tins	O	O	O
fevo	O	O	O
kontrol	O	O	O
evritin	O	O	O
insaid	O	O	O
kontri	O	O	O
.	O	O	O

Wetin	O	O	O
dey	O	O	O
hie	O	O	O

Na	O	O	O
1915	DATE	O	O
dem	O	O	O
bon	O	O	O
Adegoke	PER	O	O
an	O	O	O
na	O	O	O
Sanusi	PER	O	O
Ashinyanbi	PER	O	O
Awujola	PER	O	O
Adelabu	PER	O	O
bi	O	O	O
im	O	O	O
papa	O	O	O
mama	O	O	O
.	O	O	O
mama	O	O	O
di	O	O	O
sekond	O	O	O
waif	O	O	O
dai	O	O	O
wen	O	O	O
stil	O	O	O
smol	O	O	O
pikin	O	O	O
.	O	O	O
sista	O	O	O
kom	O	O	O
leta	O	O	O
tek	O	O	O
kia	O	O	O
of	O	O	O
am	O	O	O
.	O	O	O
E	O	O	O
skul	O	O	O
for	O	O	O
St	ORG	O	O
David's	ORG	O	O
C	ORG	O	O
.	ORG	O	O
M	ORG	O	O
.	ORG	O	O
S	ORG	O	O
.	ORG	O	O
School	ORG	O	O
,	ORG	O	O
Kudeti	LOC	O	O
,	LOC	O	O
Ibadan	LOC	O	O
fom	O	O	O
1925	DATE	O	O
go	O	O	O
rish	O	O	O
1929	DATE	O	O
.	DATE	O	O
finish	O	O	O
standard	O	O	O
IV	O	O	O
V	O	O	O
C	ORG	O	O
.	ORG	O	O
M	ORG	O	O
.	ORG	O	O
S	ORG	O	O
Central	ORG	O	O
school	ORG	O	O
,	ORG	O	O
Mapo	LOC	O	O
.	LOC	O	O
Opon	O	O	O
sey	O	O	O
muslim	O	O	O
,	O	O	O
shi	O	O	O
mek	O	O	O
wey	O	O	O
Kristen	O	O	O
missionari	O	O	O
dey	O	O	O
kontrol	O	O	O
e	O	O	O
get	O	O	O
satifiket	O	O	O
pesin	O	O	O
wet	O	O	O
don	O	O	O
baptais	O	O	O
.	O	O	O
Dis	O	O	O
one	O	O	O
fit	O	O	O
oda	O	O	O
CMS	ORG	O	O
kontrol	O	O	O
.	O	O	O
stat	O	O	O
sekondri	O	O	O
1931	DATE	O	O
1936	DATE	O	O
as	O	O	O
hed	O	O	O
boi	O	O	O
.	O	O	O
rait	O	O	O
ezam	O	O	O
to	O	O	O
enta	O	O	O
pas	O	O	O
wel	O	O	O
so	O	O	O
tey	O	O	O
UAC	ORG	O	O
pay	O	O	O
moni	O	O	O
buk	O	O	O
am	O	O	O
rid	O	O	O
Commerce	O	O	O
Yaba	LOC	O	O
Higher	ORG	O	O
College	ORG	O	O
.	ORG	O	O
Bot	O	O	O
no	O	O	O
yuz	O	O	O
pai	O	O	O
finish	O	O	O
,	O	O	O
just	O	O	O
6	O	O	O
months	O	O	O
big	O	O	O
bifo	O	O	O
bigin	O	O	O
wok	O	O	O
oga	O	O	O
district	PER	O	O
.	PER	O	O
Adelabu	PER	O	O
oyinbo	O	O	O
man	O	O	O
fest	O	O	O
mit	O	O	O
year	O	O	O
Yaba	LOC	O	O
.	LOC	O	O
Di	O	O	O
tin	O	O	O
tel	O	O	O
du	O	O	O
waka	O	O	O
raund	O	O	O
evri	O	O	O
ples	O	O	O
Kokakola	O	O	O
drink	O	O	O
Ibadan	LOC	O	O
.	LOC	O	O
Afta	O	O	O
bring	O	O	O
plan	O	O	O
how	O	O	O
kari	O	O	O
miniral	O	O	O
difren	O	O	O
sel	O	O	O
giv	O	O	O
posishion	O	O	O
Prodokshion	O	O	O
Manija	O	O	O
.	O	O	O
dia	O	O	O
long	O	O	O
bikos	O	O	O
1937	DATE	O	O
komot	O	O	O
join	O	O	O
biznes	O	O	O
pipul	O	O	O
bai	O	O	O
tins	O	O	O
.	O	O	O
fevo	O	O	O
at	O	O	O
all	O	O	O
sabi	O	O	O
wetin	O	O	O
hapun	O	O	O
,	O	O	O
faind	O	O	O
gocment	O	O	O
wok	O	O	O
.	O	O	O
For	O	O	O
1939	DATE	O	O
,	DATE	O	O
chuk	O	O	O
eye	O	O	O
plant	O	O	O
fud	O	O	O
tish	O	O	O
animal-dem	O	O	O
suo	O	O	O
wel	O	O	O
.	O	O	O
dis	O	O	O
one	O	O	O
,	O	O	O
chek	O	O	O
join-bodi	O	O	O
grup	O	O	O
inside	O	O	O
hep	O	O	O
diasef	O	O	O
Akinpelu	PER	O	O
Obisesan	PER	O	O
kpata-kpata	O	O	O
grup	O	O	O
.	O	O	O
ontil	O	O	O
1945	DATE	O	O
bak	O	O	O
UAC	ORG	O	O
.	ORG	O	O
time	O	O	O
araund	O	O	O
work	O	O	O
gud	O	O	O
bot	O	O	O
liv	O	O	O
afta	O	O	O
wok	O	O	O
,	O	O	O
nem	O	O	O
Richardson	PER	O	O
,	PER	O	O
stop	O	O	O
sef	O	O	O
.	O	O	O
put	O	O	O
plenti	O	O	O
insaid	O	O	O
klot	O	O	O
wit	O	O	O
Levantine	ORG	O	O
kompini	O	O	O
see	O	O	O
rul	O	O	O
kol	O	O	O
Mogaji	PER	O	O
Olubadan	PER	O	O
rait	O	O	O
,	O	O	O
evritin	O	O	O
joj	O	O	O
pipul	O	O	O
.	O	O	O

1949–1953	DATE	O	O

Adegoke	PER	O	O
wok	O	O	O
for	O	O	O
politis	O	O	O
stat	O	O	O
wen	O	O	O
e	O	O	O
join	O	O	O
som	O	O	O
smol	O	O	O
shif-dem	O	O	O
mek	O	O	O
dem	O	O	O
join-bodi	O	O	O
to	O	O	O
komplen	O	O	O
abaut	O	O	O
Salami	PER	O	O
Agbaje	PER	O	O
.	PER	O	O
Plenti	O	O	O
pipul	O	O	O
sabi	O	O	O
as	O	O	O
pesin	O	O	O
wey	O	O	O
do	O	O	O
tins	O	O	O
kwik-kwik	O	O	O
an	O	O	O
bikos	O	O	O
of	O	O	O
sey	O	O	O
rid	O	O	O
rait	O	O	O
,	O	O	O
di	O	O	O
dey	O	O	O
rul	O	O	O
dat	O	O	O
taim	O	O	O
nid	O	O	O
am	O	O	O
tek	O	O	O
fait	O	O	O
Dem	O	O	O
go	O	O	O
fit	O	O	O
hep	O	O	O
rait	O	O	O
wetin	O	O	O
wai	O	O	O
no	O	O	O
laik	O	O	O
Agbaje	PER	O	O
na	O	O	O
see	O	O	O
wu	O	O	O
dem	O	O	O
.	O	O	O
gri	O	O	O
bi	O	O	O
du	O	O	O
biznes	O	O	O
get	O	O	O
moni	O	O	O
wel	O	O	O
stil	O	O	O
skul	O	O	O
im	O	O	O
nomba	O	O	O
3	O	O	O
nia	O	O	O
king	O	O	O
pas	O	O	O
.	O	O	O
Dis	O	O	O
oda	O	O	O
am	O	O	O
,	O	O	O
way	O	O	O
plenti	O	O	O
own	O	O	O
moni	O	O	O
.	O	O	O
Di	O	O	O
Mogaji-dem	O	O	O
wan	O	O	O
Olubadan	O	O	O
evritin	O	O	O
dia	O	O	O
pawa	O	O	O
am	O	O	O
.	O	O	O
rili	O	O	O
put	O	O	O
bodi	O	O	O
ripot	O	O	O
oyinbo	O	O	O
taim	O	O	O
.	O	O	O
As	O	O	O
dis	O	O	O
tin-dem	O	O	O
hapun	O	O	O
,	O	O	O
Egbe	ORG	O	O
Omo	ORG	O	O
Ibile	ORG	O	O
main	O	O	O
grup	O	O	O
komot	O	O	O
Na	O	O	O
Bello	PER	O	O
Abasi	PER	O	O
oga	O	O	O
kpata-kpata	O	O	O
papa	O	O	O
nem	O	O	O
Aleshinloye	PER	O	O
foma	O	O	O
Olubadan	O	O	O
.	O	O	O
mata	O	O	O
kom	O	O	O
rish	O	O	O
pipul	O	O	O
,	O	O	O
tel	O	O	O
Ibadan	O	O	O
Bot	O	O	O
yuz	O	O	O
one	O	O	O
chenj	O	O	O
kain	O	O	O
ples	O	O	O
rul	O	O	O
.	O	O	O
For	O	O	O
ezampul	O	O	O
,	O	O	O
Oshun	O	O	O
division	O	O	O
from	O	O	O
area	O	O	O
,	O	O	O
ves	O	O	O
evribodi	O	O	O
togeda	O	O	O
so	O	O	O
swit	O	O	O
pipul	O	O	O
.	O	O	O

Wen	O	O	O
di	O	O	O
taim	O	O	O
rish	O	O	O
for	O	O	O
pipul	O	O	O
Ibadan	ORG	O	O
to	O	O	O
selet	O	O	O
wu	O	O	O
an	O	O	O
dem	O	O	O
wan	O	O	O
mek	O	O	O
e	O	O	O
dey	O	O	O
lid	O	O	O
1951	DATE	O	O
,	DATE	O	O
grup	O	O	O
wey	O	O	O
Adegoke	PER	O	O
nem	O	O	O
na	O	O	O
Egbe	ORG	O	O
Omo	ORG	O	O
Ibile	ORG	O	O
join	O	O	O
bodi	O	O	O
wit	O	O	O
one	O	O	O
man	O	O	O
Augustus	PER	O	O
Akinloye	PER	O	O
som	O	O	O
oda	O	O	O
yong	O	O	O
boi-dem	O	O	O
gel-dem	O	O	O
anoda	O	O	O
dia	O	O	O
foma	O	O	O
Progressive	ORG	O	O
Union	ORG	O	O
kom	O	O	O
stat	O	O	O
smol	O	O	O
People's	ORG	O	O
Party	ORG	O	O
.	ORG	O	O
Dem	O	O	O
du	O	O	O
dis	O	O	O
yuz	O	O	O
fait	O	O	O
Union	ORG	O	O
.	ORG	O	O
rili	O	O	O
put	O	O	O
no	O	O	O
laik	O	O	O
Ijebu	LOC	O	O
pat	O	O	O
Ibadan	LOC	O	O
,	LOC	O	O
espeshali	O	O	O
as	O	O	O
don	O	O	O
fest	O	O	O
komot	O	O	O
Oshun	LOC	O	O
division	O	O	O
oga	O	O	O
Action	ORG	O	O
Congress	ORG	O	O
Awolowo	PER	O	O
bi	O	O	O
sopot	O	O	O
Akintola	PER	O	O
.	PER	O	O
Dis	O	O	O
niu	O	O	O
pati	O	O	O
win	O	O	O
all	O	O	O
6	O	O	O
sit	O	O	O
go	O	O	O
rich	O	O	O
Western	O	O	O
Regional	O	O	O
Assembly	O	O	O
.	O	O	O
Bot	O	O	O
tok	O	O	O
sey	O	O	O
NCNC	ORG	O	O
bot	O	O	O
skata	O	O	O
4	O	O	O
fom	O	O	O
AG	ORG	O	O
.	ORG	O	O
wel	O	O	O
insaid	O	O	O
pesin	O	O	O
hep	O	O	O
Province	O	O	O
Working	O	O	O
Committee	O	O	O
rid	O	O	O
rait	O	O	O
evritin	O	O	O
mitin	O	O	O
.	O	O	O
Pipul	O	O	O
Kom	O	O	O
bigin	O	O	O
sabi	O	O	O
am	O	O	O
onli	O	O	O
joj	O	O	O
mata	O	O	O
kot	O	O	O
IPP	ORG	O	O
stil	O	O	O
NCNC	ORG	O	O
.	ORG	O	O
Bifo	O	O	O
wi	O	O	O
wetin	O	O	O
,	O	O	O
evriwia	O	O	O
Naijá	LOC	O	O
so	ORG	O	O
tey	O	O	O
1952	DATE	O	O
buk	O	O	O
Africa	LOC	O	O
in	LOC	O	O
Ebullition	O	O	O
.	O	O	O
E	O	O	O
tek	O	O	O
mind	O	O	O
abaut	O	O	O
politis	O	O	O
mata	O	O	O
.	O	O	O
AG	O	O	O
1954	DATE	O	O
.	DATE	O	O
kol	O	O	O
Taxpayers	ORG	O	O
Association	ORG	O	O
dat	O	O	O
plenti	O	O	O
bikos	O	O	O
of	O	O	O
way	O	O	O
im	O	O	O
arenj	O	O	O
tax	O	O	O
do	O	O	O
fam	O	O	O
wok	O	O	O
Maiyegun	O	O	O
.	O	O	O
Mabolaje	ORG	O	O
Grand	ORG	O	O
Alliance	ORG	O	O
.	ORG	O	O

1954–1958	DATE	O	O

Adelabu	PER	O	O
an	O	O	O
e	O	O	O
grup	O	O	O
kom	O	O	O
rili	O	O	O
bi	O	O	O
problem	O	O	O
for	O	O	O
di	O	O	O
pipul	O	O	O
wey	O	O	O
dey	O	O	O
IPU	ORG	O	O
AG	ORG	O	O
kontrol	O	O	O
.	O	O	O
E	O	O	O
wahala	O	O	O
dem	O	O	O
wit	O	O	O
way	O	O	O
im	O	O	O
tek	O	O	O
arenj	O	O	O
tax	O	O	O
mata	O	O	O
wok	O	O	O
of	O	O	O
dia	O	O	O
famili	O	O	O
rul	O	O	O
(Mogajis)	O	O	O
gofment	O	O	O
mata	O	O	O
.	O	O	O
put	O	O	O
imsef	O	O	O
as	O	O	O
pesin	O	O	O
sopot	O	O	O
tins	O	O	O
bifo	O	O	O
oyinbo	O	O	O
tish	O	O	O
dis	O	O	O
niu	O	O	O
sistem	O	O	O
.	O	O	O
Wen	O	O	O
taim	O	O	O
rish	O	O	O
to	O	O	O
selet	O	O	O
wu	O	O	O
popul	O	O	O
go	O	O	O
lid	O	O	O
1954	DATE	O	O
,	DATE	O	O
Adegoke	PER	O	O
win	O	O	O
plenti	O	O	O
posishon	O	O	O
Ibadan	ORG	O	O
District	ORG	O	O
Council	ORG	O	O
.	ORG	O	O
Dis	O	O	O
one	O	O	O
mek	O	O	O
oga	O	O	O
kpata-kpata	O	O	O
dat	O	O	O
aria	O	O	O
.	O	O	O
Im	O	O	O
kon	O	O	O
be	O	O	O
kontrol	O	O	O
moni	O	O	O
evri	O	O	O
smol	O	O	O
dia	O	O	O
.	O	O	O
chuz	O	O	O
Naija	LOC	O	O
House	O	O	O
Representatives	O	O	O
sef	O	O	O
plenti-plenti	O	O	O
post	O	O	O
Representatives	O	O	O
.	O	O	O
get	O	O	O
sekond	O	O	O
NCNC	ORG	O	O
Naija	LOC	O	O
,	LOC	O	O
stil	O	O	O
am	O	O	O
giv	O	O	O
all	O	O	O
beta-beta	O	O	O
tin	O	O	O
nid	O	O	O
.	O	O	O
du	O	O	O
join	O	O	O
fest	O	O	O
Council	ORG	O	O
fom	O	O	O
January	DATE	O	O
1955	DATE	O	O
1956	DATE	O	O
.	DATE	O	O

For	O	O	O
1955	DATE	O	O
,	DATE	O	O
dem	O	O	O
kom	O	O	O
bigin	O	O	O
chuk	O	O	O
eye	O	O	O
insaid	O	O	O
di	O	O	O
way	O	O	O
Adegoke	PER	O	O
an	O	O	O
im	O	O	O
pipul	O	O	O
tek	O	O	O
dey	O	O	O
do	O	O	O
moni	O	O	O
mata	O	O	O
,	O	O	O
to	O	O	O
see	O	O	O
weyda	O	O	O
chop	O	O	O
wey	O	O	O
sopos	O	O	O
yuz	O	O	O
for	O	O	O
Naija	LOC	O	O
pipul	O	O	O
.	O	O	O
Na	O	O	O
oga	O	O	O
Western	O	O	O
Region	ORG	O	O
Government	ORG	O	O
du	O	O	O
dis	O	O	O
one	O	O	O
na	O	O	O
AG	ORG	O	O
kontrol	O	O	O
am	O	O	O
.	O	O	O
Dis	O	O	O
mek	O	O	O
Adelabu	PER	O	O
tok	O	O	O
sey	O	O	O
no	O	O	O
wan	O	O	O
wok	O	O	O
of	O	O	O
pesin	O	O	O
som	O	O	O
again	O	O	O
.	O	O	O
man	O	O	O
e	O	O	O
nem	O	O	O
J	PER	O	O
.	PER	O	O
M	PER	O	O
.	PER	O	O
Johnson	PER	O	O
stat	O	O	O
as	O	O	O
kpata-kpata	O	O	O
go	O	O	O
sure	O	O	O
get	O	O	O
beta	O	O	O
tins	O	O	O
.	O	O	O
1956	DATE	O	O
,	DATE	O	O
stil	O	O	O
trai	O	O	O
chuz	O	O	O
am	O	O	O
NCNC	ORG	O	O
Region	O	O	O
.	O	O	O
Im	O	O	O
biliv	O	O	O
win	O	O	O
,	O	O	O
so	O	O	O
bai	O	O	O
plenti	O	O	O
klot	O	O	O
rait	O	O	O
"Adelabu	PER	O	O
,	PER	O	O
Premier	O	O	O
the	O	O	O
Region"on	O	O	O
top	O	O	O
,	O	O	O
bot	O	O	O
grup	O	O	O
win	O	O	O
.	O	O	O
Action	ORG	O	O
Group	ORG	O	O
win	O	O	O
E	O	O	O
bi	O	O	O
allways	O	O	O
laik	O	O	O
House	O	O	O
Assembly	O	O	O
Afta	O	O	O
lus	O	O	O
niu	O	O	O
post	O	O	O
,	O	O	O
suo	O	O	O
fom	O	O	O
Stet	O	O	O
komot	O	O	O
from	O	O	O
rili	O	O	O
maut	O	O	O
Oyo	LOC	O	O
,	LOC	O	O
Ibadan	LOC	O	O
Ondo	LOC	O	O
side	O	O	O
.	O	O	O
Bot	O	O	O
sopot	O	O	O
idea	O	O	O
1958	O	O	O
bikos	O	O	O
base	O	O	O
on	O	O	O
wi-wi	O	O	O
mata	O	O	O
.	O	O	O
dat	O	O	O
1958	DATE	O	O
,	DATE	O	O
Azikiwe	PER	O	O
rul	O	O	O
tin	O	O	O
3-in-1	O	O	O
mata	O	O	O
AG	ORG	O	O
,	ORG	O	O
and	O	O	O
NPC	ORG	O	O
insaid	O	O	O
.	O	O	O
pain	O	O	O
folo	O	O	O
kind	O	O	O
pure	O	O	O
at	O	O	O
all	O	O	O
.	O	O	O

Adegoke	PER	O	O
Adelabu	PER	O	O
dai	O	O	O
for	O	O	O
Mile	O	O	O
51	O	O	O
Lagos-Ibadan	O	O	O
Expressway	O	O	O
Shagamu	LOC	O	O
said	O	O	O
.	O	O	O
Na	O	O	O
im	O	O	O
wit	O	O	O
one	O	O	O
man	O	O	O
wey	O	O	O
kom	O	O	O
from	O	O	O
Syria	LOC	O	O
dai	O	O	O
.	O	O	O
Di	O	O	O
sabi	O	O	O
how	O	O	O
to	O	O	O
dey	O	O	O
bai	O	O	O
and	O	O	O
sel	O	O	O
tins	O	O	O
.	O	O	O
Dia	O	O	O
moto	O	O	O
nak	O	O	O
anoda	O	O	O
as	O	O	O
dem	O	O	O
bak	O	O	O
fom	O	O	O
Lagos	LOC	O	O
.	LOC	O	O

Plenti	O	O	O
pipul	O	O	O
wey	O	O	O
dey	O	O	O
tok	O	O	O
abaut	O	O	O
wetin	O	O	O
don	O	O	O
hapun	O	O	O
bifo	O	O	O
nau	O	O	O
for	O	O	O
Yoruba	O	O	O
an	O	O	O
Naija	LOC	O	O
allwes	O	O	O
di	O	O	O
pesin	O	O	O
stat	O	O	O
dis	O	O	O
dem	O	O	O
kol	O	O	O
"penkelemesi"	O	O	O
.	O	O	O
Dis	O	O	O
tin	O	O	O
na	O	O	O
way	O	O	O
to	O	O	O
tek	O	O	O
"peculiar	O	O	O
mess"	O	O	O
.	O	O	O
Adegoke	PER	O	O
evribodi	O	O	O
sabi	O	O	O
sey	O	O	O
e	O	O	O
spik	O	O	O
Inglish	O	O	O
wel	O	O	O
wel	O	O	O
.	O	O	O
One	O	O	O
day	O	O	O
im	O	O	O
tel	O	O	O
tins	O	O	O
bi	O	O	O
Western	ORG	O	O
Region	ORG	O	O
House	ORG	O	O
of	ORG	O	O
Assembly	ORG	O	O
,	ORG	O	O
som	O	O	O
no	O	O	O
English	O	O	O
Kom	O	O	O
bigin	O	O	O
Adelabu	PER	O	O
say	O	O	O

Bola	PER	O	O
Ahmed	PER	O	O
Adekunle	PER	O	O
Tinubu	PER	O	O
na	O	O	O
Naija	LOC	O	O
politishan	O	O	O
an	O	O	O
di	O	O	O
presidor	O	O	O
of	O	O	O
Naija	LOC	O	O
.	LOC	O	O
Bola	LOC	O	O
nomba	O	O	O
16	O	O	O
pesin	O	O	O
to	O	O	O
bi	O	O	O
presidor	LOC	O	O
.	LOC	O	O
Tinubu	LOC	O	O
don	O	O	O
govno	O	O	O
Legos	LOC	O	O
Stet	O	O	O
bifor	O	O	O
from	DATE	O	O
1999	DATE	O	O
go	DATE	O	O
rish	DATE	O	O
2007	DATE	O	O
.	DATE	O	O
Senato	O	O	O
for	O	O	O
Lagos	LOC	O	O
West	LOC	O	O
Third	O	O	O
Republic	O	O	O
wey	O	O	O
no	O	O	O
last	O	O	O
.	O	O	O
Na	O	O	O
dem	O	O	O
chuz	O	O	O
All	ORG	O	O
Progressive	ORG	O	O
Congress	ORG	O	O
as	O	O	O
dia	O	O	O
kandidet	O	O	O
2023	DATE	O	O
Presido	O	O	O
eleshon	O	O	O
.	O	O	O

Na	O	O	O
for	O	O	O
Southwest	O	O	O
Naija	LOC	O	O
Tinubu	PER	O	O
gro	O	O	O
bifor	O	O	O
e	O	O	O
kom	O	O	O
go	O	O	O
United	LOC	O	O
State	ORG	O	O
(USA)	LOC	O	O
rid	O	O	O
Accounting	O	O	O
Chicago	ORG	O	O
University	ORG	O	O
.	O	O	O
bak	O	O	O
to	O	O	O
Naijá	LOC	O	O
araund	O	O	O
1980	DATE	O	O
an	O	O	O
get	O	O	O
wok	O	O	O
Mobil	ORG	O	O
Nigeria	ORG	O	O
as	O	O	O
akauntant	O	O	O
,	O	O	O
join	O	O	O
politis	O	O	O
pesin	O	O	O
wey	O	O	O
Social	ORG	O	O
Democratic	ORG	O	O
Party	ORG	O	O
pik	O	O	O
dia	O	O	O
Lagos	O	O	O
West	O	O	O
senatorial	O	O	O
kandidet	O	O	O
.	O	O	O

Afta	O	O	O
Sani	PER	O	O
Abacha	PER	O	O
tok	O	O	O
sey	O	O	O
e	O	O	O
no	O	O	O
wan	O	O	O
see	O	O	O
Senate	O	O	O
again	O	O	O
in	O	O	O
1993	DATE	O	O
,	DATE	O	O
Tinubu	PER	O	O
dey	O	O	O
amog	O	O	O
di	O	O	O
pipul	O	O	O
wey	O	O	O
fight	O	O	O
mek	O	O	O
demokrazi	O	O	O
kom	O	O	O
bak	O	O	O
as	O	O	O
join	O	O	O
di"National	ORG	O	O
Democracy	ORG	O	O
Coalition	ORG	O	O
movement	ORG	O	O
.	ORG	O	O
Di	ORG	O	O
Tru	O	O	O
mata	O	O	O
bi	O	O	O
sey	O	O	O
,	O	O	O
nid	O	O	O
run	O	O	O
komot	O	O	O
fom	O	O	O
Naijá	LOC	O	O
1994	DATE	O	O
,	DATE	O	O
wen	O	O	O
dai	O	O	O
1998	DATE	O	O
an	O	O	O
na	O	O	O
dis	O	O	O
one	O	O	O
stat	O	O	O
bigini	O	O	O
of	O	O	O
Fourth	O	O	O
poblik	O	O	O
.	O	O	O

For	O	O	O
di	O	O	O
gofnor	O	O	O
eleshion	O	O	O
wey	O	O	O
dey	O	O	O
du	O	O	O
for	O	O	O
1999	DATE	O	O
,	DATE	O	O
Tinubu	PER	O	O
bi	O	O	O
memba	O	O	O
of	O	O	O
"Alliance	ORG	O	O
Democrazy"	ORG	O	O
(AD)	ORG	O	O
win	O	O	O
ova	O	O	O
Peoples	ORG	O	O
Democratic	ORG	O	O
Party"	ORG	O	O
(PDP)	ORG	O	O
kandidet	O	O	O
Dapo	PER	O	O
Sarumi	PER	O	O
an	O	O	O
"All	ORG	O	O
People's	ORG	O	O
(APP)	ORG	O	O
Nosirudeen	PER	O	O
Kekere-Ekun	PER	O	O
.	PER	O	O
Afta	PER	O	O
Four	DATE	O	O
years	DATE	O	O
,	DATE	O	O
sekond	O	O	O
term	O	O	O
PDP	ORG	O	O
Funsho	PER	O	O
Williams	PER	O	O
.	PER	O	O
Di	PER	O	O
main	O	O	O
tori	O	O	O
as	O	O	O
govno	O	O	O
Legos	LOC	O	O
Stet	O	O	O
how	O	O	O
e	O	O	O
wan	O	O	O
mek	O	O	O
Mega	O	O	O
siti	O	O	O
fight	O	O	O
wit	O	O	O
Fedira	O	O	O
Govament	O	O	O
kontrol	O	O	O
.	O	O	O

Afta	O	O	O
wen	O	O	O
Tinubu	PER	O	O
liv	O	O	O
ofis	O	O	O
,	O	O	O
e	O	O	O
bi	O	O	O
amog	O	O	O
di	O	O	O
ogas	O	O	O
wey	O	O	O
fom	O	O	O
politika	O	O	O
parti	O	O	O
"All	ORG	O	O
Progressive	ORG	O	O
Congress"	ORG	O	O
in	O	O	O
2013	DATE	O	O
.	DATE	O	O



























































































































































































































































































































































































































